[2025-12-06 16:11:46,187] INFO django.utils.autoreload: Watching for file changes with StatReloader
[2025-12-06 16:12:03,143] INFO django.utils.autoreload: C:\Users\marac\Desktop\Django\Proiect_Django\Proiect_Django\settings.py changed, reloading.
[2025-12-06 16:12:04,853] INFO django.utils.autoreload: Watching for file changes with StatReloader
[2025-12-06 16:12:06,589] INFO django.utils.autoreload: C:\Users\marac\Desktop\Django\Proiect_Django\Proiect_Django\settings.py changed, reloading.
[2025-12-06 16:12:08,284] INFO django.utils.autoreload: Watching for file changes with StatReloader
[2025-12-06 16:12:16,063] INFO django.utils.autoreload: C:\Users\marac\Desktop\Django\Proiect_Django\Proiect_Django\settings.py changed, reloading.
[2025-12-06 16:12:18,025] INFO django.utils.autoreload: Watching for file changes with StatReloader
[2025-12-06 16:12:20,747] INFO django.utils.autoreload: C:\Users\marac\Desktop\Django\Proiect_Django\Proiect_Django\settings.py changed, reloading.
[2025-12-06 16:12:22,391] INFO django.utils.autoreload: Watching for file changes with StatReloader
[2025-12-06 17:24:29,409] INFO django.utils.autoreload: C:\Users\marac\Desktop\Django\Proiect_Django\magazin_de_bijuterii\models.py changed, reloading.
[2025-12-06 17:24:31,513] INFO django.utils.autoreload: Watching for file changes with StatReloader
[2025-12-06 17:24:35,132] INFO django.utils.autoreload: C:\Users\marac\Desktop\Django\Proiect_Django\magazin_de_bijuterii\models.py changed, reloading.
[2025-12-06 17:24:37,100] INFO django.utils.autoreload: Watching for file changes with StatReloader
[2025-12-06 17:25:06,364] INFO django.utils.autoreload: C:\Users\marac\Desktop\Django\Proiect_Django\magazin_de_bijuterii\models.py changed, reloading.
[2025-12-06 17:25:08,237] INFO django.utils.autoreload: Watching for file changes with StatReloader
[2025-12-06 17:25:20,746] INFO django.utils.autoreload: C:\Users\marac\Desktop\Django\Proiect_Django\magazin_de_bijuterii\apps.py changed, reloading.
[2025-12-06 17:25:22,563] INFO django.utils.autoreload: Watching for file changes with StatReloader
[2025-12-06 17:28:26,564] INFO django.utils.autoreload: C:\Users\marac\Desktop\Django\Proiect_Django\magazin_de_bijuterii\apps.py changed, reloading.
[2025-12-06 17:28:28,432] INFO django.utils.autoreload: Watching for file changes with StatReloader
[2025-12-06 17:32:46,602] INFO django.utils.autoreload: C:\Users\marac\Desktop\Django\Proiect_Django\magazin_de_bijuterii\apps.py changed, reloading.
[2025-12-06 17:32:48,467] INFO django.utils.autoreload: Watching for file changes with StatReloader
[2025-12-06 17:32:50,851] INFO django.utils.autoreload: C:\Users\marac\Desktop\Django\Proiect_Django\magazin_de_bijuterii\apps.py changed, reloading.
[2025-12-06 17:32:52,711] INFO django.utils.autoreload: Watching for file changes with StatReloader
[2025-12-06 17:33:03,234] INFO django.utils.autoreload: C:\Users\marac\Desktop\Django\Proiect_Django\magazin_de_bijuterii\models.py changed, reloading.
[2025-12-06 17:33:05,038] INFO django.utils.autoreload: Watching for file changes with StatReloader
[2025-12-06 17:33:06,385] INFO django.utils.autoreload: C:\Users\marac\Desktop\Django\Proiect_Django\magazin_de_bijuterii\models.py changed, reloading.
[2025-12-06 17:33:09,028] INFO django.utils.autoreload: Watching for file changes with StatReloader
[2025-12-06 17:33:10,619] INFO django.utils.autoreload: C:\Users\marac\Desktop\Django\Proiect_Django\magazin_de_bijuterii\models.py changed, reloading.
[2025-12-06 17:33:12,494] INFO django.utils.autoreload: Watching for file changes with StatReloader
[2025-12-06 17:35:19,421] INFO django.utils.autoreload: C:\Users\marac\Desktop\Django\Proiect_Django\magazin_de_bijuterii\signals.py changed, reloading.
[2025-12-06 17:35:21,275] INFO django.utils.autoreload: Watching for file changes with StatReloader
[2025-12-06 17:38:11,872] INFO django.utils.autoreload: C:\Users\marac\Desktop\Django\Proiect_Django\magazin_de_bijuterii\views.py changed, reloading.
[2025-12-06 17:38:13,679] INFO django.utils.autoreload: Watching for file changes with StatReloader
[2025-12-06 17:38:19,274] INFO django.utils.autoreload: C:\Users\marac\Desktop\Django\Proiect_Django\magazin_de_bijuterii\views.py changed, reloading.
[2025-12-06 17:38:21,143] INFO django.utils.autoreload: Watching for file changes with StatReloader
[2025-12-06 17:38:28,932] INFO django.utils.autoreload: C:\Users\marac\Desktop\Django\Proiect_Django\magazin_de_bijuterii\views.py changed, reloading.
[2025-12-06 17:38:30,752] INFO django.utils.autoreload: Watching for file changes with StatReloader
[2025-12-06 17:38:50,712] INFO django.utils.autoreload: C:\Users\marac\Desktop\Django\Proiect_Django\magazin_de_bijuterii\forms.py changed, reloading.
[2025-12-06 17:38:52,600] INFO django.utils.autoreload: Watching for file changes with StatReloader
[2025-12-06 17:39:01,463] INFO django.utils.autoreload: C:\Users\marac\Desktop\Django\Proiect_Django\magazin_de_bijuterii\forms.py changed, reloading.
[2025-12-06 17:39:03,174] INFO django.utils.autoreload: Watching for file changes with StatReloader
[2025-12-06 17:39:08,934] INFO django.utils.autoreload: C:\Users\marac\Desktop\Django\Proiect_Django\magazin_de_bijuterii\forms.py changed, reloading.
[2025-12-06 17:39:10,785] INFO django.utils.autoreload: Watching for file changes with StatReloader
[2025-12-06 17:39:12,736] INFO django.utils.autoreload: C:\Users\marac\Desktop\Django\Proiect_Django\magazin_de_bijuterii\forms.py changed, reloading.
[2025-12-06 17:39:15,354] INFO django.utils.autoreload: Watching for file changes with StatReloader
[2025-12-06 17:40:05,650] INFO django.utils.autoreload: C:\Users\marac\Desktop\Django\Proiect_Django\magazin_de_bijuterii\views.py changed, reloading.
[2025-12-06 17:40:07,589] INFO django.utils.autoreload: Watching for file changes with StatReloader
[2025-12-06 18:02:10,272] INFO django.utils.autoreload: C:\Users\marac\Desktop\Django\Proiect_Django\magazin_de_bijuterii\views.py changed, reloading.
[2025-12-06 18:02:12,067] INFO django.utils.autoreload: Watching for file changes with StatReloader
[2025-12-06 18:02:13,849] INFO django.utils.autoreload: C:\Users\marac\Desktop\Django\Proiect_Django\magazin_de_bijuterii\views.py changed, reloading.
[2025-12-06 18:02:15,723] INFO django.utils.autoreload: Watching for file changes with StatReloader
[2025-12-06 18:02:17,303] INFO django.utils.autoreload: C:\Users\marac\Desktop\Django\Proiect_Django\magazin_de_bijuterii\views.py changed, reloading.
[2025-12-06 18:02:19,372] INFO django.utils.autoreload: Watching for file changes with StatReloader
[2025-12-06 18:02:57,104] INFO django.utils.autoreload: C:\Users\marac\Desktop\Django\Proiect_Django\magazin_de_bijuterii\views.py changed, reloading.
[2025-12-06 18:02:59,135] INFO django.utils.autoreload: Watching for file changes with StatReloader
[2025-12-06 18:03:01,916] INFO django.utils.autoreload: C:\Users\marac\Desktop\Django\Proiect_Django\magazin_de_bijuterii\views.py changed, reloading.
[2025-12-06 18:03:03,755] INFO django.utils.autoreload: Watching for file changes with StatReloader
[2025-12-06 18:03:23,638] INFO django.utils.autoreload: C:\Users\marac\Desktop\Django\Proiect_Django\magazin_de_bijuterii\views.py changed, reloading.
[2025-12-06 18:03:25,476] INFO django.utils.autoreload: Watching for file changes with StatReloader
[2025-12-06 18:03:26,974] INFO django.utils.autoreload: C:\Users\marac\Desktop\Django\Proiect_Django\magazin_de_bijuterii\views.py changed, reloading.
[2025-12-06 18:03:28,831] INFO django.utils.autoreload: Watching for file changes with StatReloader
[2025-12-06 18:03:42,802] INFO django.utils.autoreload: C:\Users\marac\Desktop\Django\Proiect_Django\magazin_de_bijuterii\views.py changed, reloading.
[2025-12-06 18:03:44,743] INFO django.utils.autoreload: Watching for file changes with StatReloader
[2025-12-06 18:04:12,079] INFO django.utils.autoreload: C:\Users\marac\Desktop\Django\Proiect_Django\magazin_de_bijuterii\views.py changed, reloading.
[2025-12-06 18:04:13,977] INFO django.utils.autoreload: Watching for file changes with StatReloader
[2025-12-06 18:05:15,935] INFO django.utils.autoreload: C:\Users\marac\Desktop\Django\Proiect_Django\magazin_de_bijuterii\views.py changed, reloading.
[2025-12-06 18:05:18,228] INFO django.utils.autoreload: Watching for file changes with StatReloader
[2025-12-06 18:12:13,960] INFO django.utils.autoreload: C:\Users\marac\Desktop\Django\Proiect_Django\magazin_de_bijuterii\views.py changed, reloading.
[2025-12-06 18:12:15,844] INFO django.utils.autoreload: Watching for file changes with StatReloader
[2025-12-06 18:12:22,660] INFO django.utils.autoreload: C:\Users\marac\Desktop\Django\Proiect_Django\magazin_de_bijuterii\views.py changed, reloading.
[2025-12-06 18:12:24,481] INFO django.utils.autoreload: Watching for file changes with StatReloader
[2025-12-06 18:12:29,412] INFO django.utils.autoreload: C:\Users\marac\Desktop\Django\Proiect_Django\magazin_de_bijuterii\views.py changed, reloading.
[2025-12-06 18:12:31,274] INFO django.utils.autoreload: Watching for file changes with StatReloader
[2025-12-06 18:12:46,514] INFO django.utils.autoreload: C:\Users\marac\Desktop\Django\Proiect_Django\magazin_de_bijuterii\views.py changed, reloading.
[2025-12-06 18:12:48,318] INFO django.utils.autoreload: Watching for file changes with StatReloader
[2025-12-06 18:47:07,138] INFO django.utils.autoreload: C:\Users\marac\Desktop\Django\Proiect_Django\magazin_de_bijuterii\models.py changed, reloading.
[2025-12-06 18:47:09,059] INFO django.utils.autoreload: Watching for file changes with StatReloader
[2025-12-06 18:47:11,404] INFO django.utils.autoreload: C:\Users\marac\Desktop\Django\Proiect_Django\magazin_de_bijuterii\models.py changed, reloading.
[2025-12-06 18:47:13,244] INFO django.utils.autoreload: Watching for file changes with StatReloader
[2025-12-06 18:47:15,638] INFO django.utils.autoreload: C:\Users\marac\Desktop\Django\Proiect_Django\magazin_de_bijuterii\models.py changed, reloading.
[2025-12-06 18:47:17,420] INFO django.utils.autoreload: Watching for file changes with StatReloader
[2025-12-06 18:47:26,910] INFO django.utils.autoreload: C:\Users\marac\Desktop\Django\Proiect_Django\magazin_de_bijuterii\models.py changed, reloading.
[2025-12-06 18:47:28,722] INFO django.utils.autoreload: Watching for file changes with StatReloader
[2025-12-06 18:52:54,085] INFO django.utils.autoreload: Watching for file changes with StatReloader
[2025-12-06 18:53:14,597] INFO django: Email trimis administratorilor: Cineva incearca sa ne preia site-ul
[2025-12-06 18:53:14,597] WARNING django: Încercare de înregistrare cu username interzis: admin
[2025-12-06 18:53:14,775] INFO django.server: "POST /magazin_de_bijuterii/inregistrare/ HTTP/1.1" 200 5215
[2025-12-06 18:53:19,929] INFO django.server: "GET /admin/ HTTP/1.1" 302 0
[2025-12-06 18:53:20,171] INFO django.server: "GET /admin/login/?next=/admin/ HTTP/1.1" 200 3987
[2025-12-06 18:53:20,387] INFO django.server: "GET /static/admin/css/dark_mode.css HTTP/1.1" 200 2808
[2025-12-06 18:53:20,392] INFO django.server: "GET /static/admin/css/base.css HTTP/1.1" 200 22120
[2025-12-06 18:53:20,408] INFO django.server: "GET /static/admin/css/nav_sidebar.css HTTP/1.1" 200 2810
[2025-12-06 18:53:20,413] INFO django.server: "GET /static/admin/css/login.css HTTP/1.1" 200 951
[2025-12-06 18:53:20,414] INFO django.server: "GET /static/admin/js/theme.js HTTP/1.1" 200 1653
[2025-12-06 18:53:20,427] INFO django.server: "GET /static/admin/css/responsive.css HTTP/1.1" 200 16565
[2025-12-06 18:53:20,443] INFO django.server: "GET /static/admin/js/nav_sidebar.js HTTP/1.1" 200 3063
[2025-12-06 18:53:20,467] INFO django.server: "GET /static/admin/img/icon-yes.svg HTTP/1.1" 200 436
[2025-12-06 18:53:35,609] INFO django.server: "POST /admin/login/?next=/admin/ HTTP/1.1" 302 0
[2025-12-06 18:53:35,958] INFO django.server: "GET /admin/ HTTP/1.1" 200 12111
[2025-12-06 18:53:36,039] INFO django.server: "GET /static/admin/img/icon-addlink.svg HTTP/1.1" 200 331
[2025-12-06 18:53:36,040] INFO django.server: "GET /static/admin/img/icon-changelink.svg HTTP/1.1" 200 380
[2025-12-06 18:53:36,040] INFO django.server: "GET /static/admin/css/dashboard.css HTTP/1.1" 200 441
[2025-12-06 18:53:55,759] INFO django.server: "GET /admin/magazin_de_bijuterii/produs/ HTTP/1.1" 200 17787
[2025-12-06 18:53:55,804] INFO django.server: "GET /static/admin/css/changelists.css HTTP/1.1" 200 6878
[2025-12-06 18:53:55,818] INFO django.server: "GET /static/admin/js/jquery.init.js HTTP/1.1" 200 347
[2025-12-06 18:53:55,832] INFO django.server: "GET /static/admin/js/core.js HTTP/1.1" 200 6208
[2025-12-06 18:53:55,835] INFO django.server: "GET /static/admin/js/admin/RelatedObjectLookups.js HTTP/1.1" 200 9777
[2025-12-06 18:53:55,848] INFO django.server: "GET /static/admin/js/actions.js HTTP/1.1" 200 8076
[2025-12-06 18:53:55,852] INFO django.server: "GET /static/admin/js/urlify.js HTTP/1.1" 200 7887
[2025-12-06 18:53:55,859] INFO django.server: "GET /static/admin/js/prepopulate.js HTTP/1.1" 200 1531
[2025-12-06 18:53:55,868] INFO django.server: "GET /static/admin/img/search.svg HTTP/1.1" 200 458
[2025-12-06 18:53:55,881] INFO django.server: "GET /static/admin/js/vendor/jquery/jquery.js HTTP/1.1" 200 285314
[2025-12-06 18:53:55,931] INFO django.server: "GET /admin/jsi18n/ HTTP/1.1" 200 3342
[2025-12-06 18:53:55,954] INFO django.server: "GET /static/admin/js/filters.js HTTP/1.1" 200 978
[2025-12-06 18:53:56,037] INFO django.server: "GET /static/admin/js/vendor/xregexp/xregexp.js HTTP/1.1" 200 325171
[2025-12-06 18:53:56,074] INFO django.server: "GET /static/admin/img/icon-viewlink.svg HTTP/1.1" 200 581
[2025-12-06 18:53:56,074] INFO django.server: "GET /static/admin/img/sorting-icons.svg HTTP/1.1" 200 1097
[2025-12-06 18:53:56,076] INFO django.server: "GET /static/admin/img/tooltag-add.svg HTTP/1.1" 200 331
[2025-12-06 18:55:15,535] INFO django.utils.autoreload: C:\Users\marac\Desktop\Django\Proiect_Django\magazin_de_bijuterii\admin.py changed, reloading.
[2025-12-06 18:55:15,544] INFO django.utils.autoreload: C:\Users\marac\Desktop\Django\Proiect_Django\magazin_de_bijuterii\admin.py changed, reloading.
[2025-12-06 18:55:17,501] INFO django.utils.autoreload: Watching for file changes with StatReloader
[2025-12-06 18:55:17,502] INFO django.utils.autoreload: Watching for file changes with StatReloader
[2025-12-06 18:55:19,253] INFO django.utils.autoreload: C:\Users\marac\Desktop\Django\Proiect_Django\magazin_de_bijuterii\admin.py changed, reloading.
[2025-12-06 18:55:19,259] INFO django.utils.autoreload: C:\Users\marac\Desktop\Django\Proiect_Django\magazin_de_bijuterii\admin.py changed, reloading.
[2025-12-06 18:55:21,313] INFO django.utils.autoreload: Watching for file changes with StatReloader
[2025-12-06 18:55:21,314] INFO django.utils.autoreload: Watching for file changes with StatReloader
[2025-12-06 18:55:23,067] INFO django.utils.autoreload: C:\Users\marac\Desktop\Django\Proiect_Django\magazin_de_bijuterii\admin.py changed, reloading.
[2025-12-06 18:55:23,068] INFO django.utils.autoreload: C:\Users\marac\Desktop\Django\Proiect_Django\magazin_de_bijuterii\admin.py changed, reloading.
[2025-12-06 18:55:25,071] INFO django.utils.autoreload: Watching for file changes with StatReloader
[2025-12-06 18:55:39,569] INFO django.server: "GET /admin/magazin_de_bijuterii/produs/ HTTP/1.1" 200 18273
[2025-12-06 18:55:39,680] INFO django.server: "GET /admin/jsi18n/ HTTP/1.1" 200 3342
[2025-12-06 18:55:42,755] INFO django.server: "GET /admin/magazin_de_bijuterii/promotie/ HTTP/1.1" 200 11014
[2025-12-06 18:55:42,857] INFO django.server: "GET /admin/jsi18n/ HTTP/1.1" 200 3342
[2025-12-06 18:55:46,042] INFO django.server: "GET /admin/magazin_de_bijuterii/promotie/add/ HTTP/1.1" 200 16903
[2025-12-06 18:55:46,169] INFO django.server: "GET /admin/jsi18n/ HTTP/1.1" 200 3342
[2025-12-06 18:55:46,286] INFO django.server: "GET /static/admin/js/prepopulate_init.js HTTP/1.1" 200 586
[2025-12-06 18:55:46,300] INFO django.server: "GET /static/admin/css/forms.css HTTP/1.1" 200 8525
[2025-12-06 18:55:46,310] INFO django.server: "GET /static/admin/js/calendar.js HTTP/1.1" 200 9141
[2025-12-06 18:55:46,317] INFO django.server: "GET /static/admin/css/widgets.css HTTP/1.1" 200 11973
[2025-12-06 18:55:46,326] INFO django.server: "GET /static/admin/js/admin/DateTimeShortcuts.js HTTP/1.1" 200 19319
[2025-12-06 18:55:46,350] INFO django.server: "GET /static/admin/js/change_form.js HTTP/1.1" 200 606
[2025-12-06 18:55:46,372] INFO django.server: "GET /static/admin/img/icon-clock.svg HTTP/1.1" 200 677
[2025-12-06 18:55:46,373] INFO django.server: "GET /static/admin/img/icon-calendar.svg HTTP/1.1" 200 1086
[2025-12-06 18:56:46,441] INFO django.server: "POST /admin/magazin_de_bijuterii/promotie/add/ HTTP/1.1" 200 17389
[2025-12-06 18:56:46,549] INFO django.server: "GET /admin/jsi18n/ HTTP/1.1" 200 3342
[2025-12-06 18:56:55,414] INFO django.server: "POST /admin/magazin_de_bijuterii/promotie/add/ HTTP/1.1" 200 17261
[2025-12-06 18:56:55,523] INFO django.server: "GET /admin/jsi18n/ HTTP/1.1" 200 3342
[2025-12-06 18:57:44,723] INFO django.utils.autoreload: C:\Users\marac\Desktop\Django\Proiect_Django\magazin_de_bijuterii\forms.py changed, reloading.
[2025-12-06 18:57:45,168] INFO django.utils.autoreload: C:\Users\marac\Desktop\Django\Proiect_Django\magazin_de_bijuterii\forms.py changed, reloading.
[2025-12-06 18:57:46,672] INFO django.utils.autoreload: Watching for file changes with StatReloader
[2025-12-06 18:57:47,074] INFO django.utils.autoreload: Watching for file changes with StatReloader
[2025-12-06 18:57:48,272] INFO django.utils.autoreload: C:\Users\marac\Desktop\Django\Proiect_Django\magazin_de_bijuterii\forms.py changed, reloading.
[2025-12-06 18:57:48,572] INFO django.utils.autoreload: C:\Users\marac\Desktop\Django\Proiect_Django\magazin_de_bijuterii\forms.py changed, reloading.
[2025-12-06 18:57:50,403] INFO django.utils.autoreload: Watching for file changes with StatReloader
[2025-12-06 18:57:50,841] INFO django.utils.autoreload: Watching for file changes with StatReloader
[2025-12-06 18:58:08,346] INFO django.server: "POST /admin/magazin_de_bijuterii/promotie/add/ HTTP/1.1" 200 17261
[2025-12-06 18:58:08,455] INFO django.server: "GET /admin/jsi18n/ HTTP/1.1" 200 3342
[2025-12-06 18:58:17,902] INFO django.server: "POST /admin/magazin_de_bijuterii/promotie/add/ HTTP/1.1" 200 17261
[2025-12-06 18:58:18,005] INFO django.server: "GET /admin/jsi18n/ HTTP/1.1" 200 3342
[2025-12-06 18:58:22,132] INFO django.server: "POST /admin/magazin_de_bijuterii/promotie/add/ HTTP/1.1" 200 17261
[2025-12-06 18:58:22,268] INFO django.server: "GET /admin/jsi18n/ HTTP/1.1" 200 3342
[2025-12-06 18:59:05,156] INFO django.server: "GET /admin/ HTTP/1.1" 200 12800
[2025-12-06 18:59:05,812] INFO django.server: "GET /admin HTTP/1.1" 301 0
[2025-12-06 18:59:06,019] INFO django.server: "GET /admin/ HTTP/1.1" 200 12800
[2025-12-06 18:59:08,553] INFO django.server: "GET /admin/magazin_de_bijuterii/promotie/ HTTP/1.1" 200 11014
[2025-12-06 18:59:08,680] INFO django.server: "GET /admin/jsi18n/ HTTP/1.1" 200 3342
[2025-12-06 18:59:11,069] INFO django.server: "GET /admin/magazin_de_bijuterii/promotie/add/ HTTP/1.1" 200 16903
[2025-12-06 18:59:11,165] INFO django.server: "GET /admin/jsi18n/ HTTP/1.1" 200 3342
[2025-12-06 19:00:37,537] INFO django.utils.autoreload: C:\Users\marac\Desktop\Django\Proiect_Django\magazin_de_bijuterii\admin.py changed, reloading.
[2025-12-06 19:00:38,085] INFO django.utils.autoreload: C:\Users\marac\Desktop\Django\Proiect_Django\magazin_de_bijuterii\admin.py changed, reloading.
[2025-12-06 19:00:39,690] INFO django.utils.autoreload: Watching for file changes with StatReloader
[2025-12-06 19:00:40,090] INFO django.utils.autoreload: Watching for file changes with StatReloader
[2025-12-06 19:00:41,237] INFO django.utils.autoreload: C:\Users\marac\Desktop\Django\Proiect_Django\magazin_de_bijuterii\admin.py changed, reloading.
[2025-12-06 19:00:43,232] INFO django.utils.autoreload: Watching for file changes with StatReloader
[2025-12-06 19:00:53,319] INFO django.server: "GET /admin/magazin_de_bijuterii/promotie/add/ HTTP/1.1" 200 17218
[2025-12-06 19:00:53,423] INFO django.server: "GET /admin/jsi18n/ HTTP/1.1" 200 3342
[2025-12-06 19:01:59,289] INFO django.utils.autoreload: C:\Users\marac\Desktop\Django\Proiect_Django\magazin_de_bijuterii\forms.py changed, reloading.
[2025-12-06 19:02:00,105] INFO django.utils.autoreload: C:\Users\marac\Desktop\Django\Proiect_Django\magazin_de_bijuterii\forms.py changed, reloading.
[2025-12-06 19:02:01,275] INFO django.utils.autoreload: Watching for file changes with StatReloader
[2025-12-06 19:02:02,028] INFO django.utils.autoreload: Watching for file changes with StatReloader
[2025-12-06 19:02:02,966] INFO django.utils.autoreload: C:\Users\marac\Desktop\Django\Proiect_Django\magazin_de_bijuterii\forms.py changed, reloading.
[2025-12-06 19:02:04,106] INFO django.utils.autoreload: C:\Users\marac\Desktop\Django\Proiect_Django\magazin_de_bijuterii\forms.py changed, reloading.
[2025-12-06 19:02:06,154] INFO django.utils.autoreload: Watching for file changes with StatReloader
[2025-12-06 19:02:07,335] INFO django.utils.autoreload: Watching for file changes with StatReloader
[2025-12-06 19:02:09,203] INFO django.server: "GET /admin/magazin_de_bijuterii/promotie/add/ HTTP/1.1" 200 16290
[2025-12-06 19:02:09,337] INFO django.server: "GET /admin/jsi18n/ HTTP/1.1" 200 3342
[2025-12-06 19:02:42,836] INFO django.server: "POST /admin/magazin_de_bijuterii/promotie/add/ HTTP/1.1" 200 16610
[2025-12-06 19:02:43,084] INFO django.server: "GET /admin/jsi18n/ HTTP/1.1" 200 3342
[2025-12-06 19:02:58,250] INFO django.server: "POST /admin/magazin_de_bijuterii/promotie/add/ HTTP/1.1" 200 16610
[2025-12-06 19:02:58,345] INFO django.server: "GET /admin/jsi18n/ HTTP/1.1" 200 3342
[2025-12-06 19:04:34,427] INFO django.utils.autoreload: C:\Users\marac\Desktop\Django\Proiect_Django\magazin_de_bijuterii\views.py changed, reloading.
[2025-12-06 19:04:34,957] INFO django.utils.autoreload: C:\Users\marac\Desktop\Django\Proiect_Django\magazin_de_bijuterii\views.py changed, reloading.
[2025-12-06 19:04:36,399] INFO django.utils.autoreload: Watching for file changes with StatReloader
[2025-12-06 19:04:36,857] INFO django.utils.autoreload: Watching for file changes with StatReloader
[2025-12-06 19:04:40,133] INFO django.utils.autoreload: C:\Users\marac\Desktop\Django\Proiect_Django\magazin_de_bijuterii\views.py changed, reloading.
[2025-12-06 19:04:40,425] INFO django.utils.autoreload: C:\Users\marac\Desktop\Django\Proiect_Django\magazin_de_bijuterii\views.py changed, reloading.
[2025-12-06 19:04:41,967] INFO django.utils.autoreload: Watching for file changes with StatReloader
[2025-12-06 19:04:42,242] INFO django.utils.autoreload: Watching for file changes with StatReloader
[2025-12-06 19:04:47,593] INFO django.utils.autoreload: C:\Users\marac\Desktop\Django\Proiect_Django\magazin_de_bijuterii\views.py changed, reloading.
[2025-12-06 19:04:47,843] INFO django.utils.autoreload: C:\Users\marac\Desktop\Django\Proiect_Django\magazin_de_bijuterii\views.py changed, reloading.
[2025-12-06 19:04:49,826] INFO django.utils.autoreload: Watching for file changes with StatReloader
[2025-12-06 19:04:50,220] INFO django.utils.autoreload: Watching for file changes with StatReloader
[2025-12-06 19:04:53,715] INFO django.utils.autoreload: C:\Users\marac\Desktop\Django\Proiect_Django\magazin_de_bijuterii\views.py changed, reloading.
[2025-12-06 19:04:53,947] INFO django.utils.autoreload: C:\Users\marac\Desktop\Django\Proiect_Django\magazin_de_bijuterii\views.py changed, reloading.
[2025-12-06 19:04:55,655] INFO django.utils.autoreload: Watching for file changes with StatReloader
[2025-12-06 19:04:55,781] INFO django.utils.autoreload: Watching for file changes with StatReloader
[2025-12-06 19:04:59,247] INFO django.utils.autoreload: C:\Users\marac\Desktop\Django\Proiect_Django\magazin_de_bijuterii\views.py changed, reloading.
[2025-12-06 19:04:59,350] INFO django.utils.autoreload: C:\Users\marac\Desktop\Django\Proiect_Django\magazin_de_bijuterii\views.py changed, reloading.
[2025-12-06 19:05:01,124] INFO django.utils.autoreload: Watching for file changes with StatReloader
[2025-12-06 19:05:01,199] INFO django.utils.autoreload: Watching for file changes with StatReloader
[2025-12-06 19:07:22,115] INFO django.utils.autoreload: C:\Users\marac\Desktop\Django\Proiect_Django\magazin_de_bijuterii\views.py changed, reloading.
[2025-12-06 19:07:22,119] INFO django.utils.autoreload: C:\Users\marac\Desktop\Django\Proiect_Django\magazin_de_bijuterii\views.py changed, reloading.
[2025-12-06 19:07:24,064] INFO django.utils.autoreload: Watching for file changes with StatReloader
[2025-12-06 19:07:24,064] INFO django.utils.autoreload: Watching for file changes with StatReloader
[2025-12-06 19:07:28,947] INFO django.utils.autoreload: C:\Users\marac\Desktop\Django\Proiect_Django\magazin_de_bijuterii\views.py changed, reloading.
[2025-12-06 19:07:28,950] INFO django.utils.autoreload: C:\Users\marac\Desktop\Django\Proiect_Django\magazin_de_bijuterii\views.py changed, reloading.
[2025-12-06 19:07:31,062] INFO django.utils.autoreload: Watching for file changes with StatReloader
[2025-12-06 19:07:31,076] INFO django.utils.autoreload: Watching for file changes with StatReloader
[2025-12-06 19:07:34,224] INFO django.utils.autoreload: C:\Users\marac\Desktop\Django\Proiect_Django\magazin_de_bijuterii\views.py changed, reloading.
[2025-12-06 19:07:34,229] INFO django.utils.autoreload: C:\Users\marac\Desktop\Django\Proiect_Django\magazin_de_bijuterii\views.py changed, reloading.
[2025-12-06 19:07:36,164] INFO django.utils.autoreload: Watching for file changes with StatReloader
[2025-12-06 19:07:36,165] INFO django.utils.autoreload: Watching for file changes with StatReloader
[2025-12-06 19:07:46,177] INFO django.server: "POST /admin/magazin_de_bijuterii/promotie/add/ HTTP/1.1" 200 16610
[2025-12-06 19:07:46,280] INFO django.server: "GET /admin/jsi18n/ HTTP/1.1" 200 3342
[2025-12-06 19:07:50,710] INFO django.server: "POST /admin/magazin_de_bijuterii/promotie/add/ HTTP/1.1" 200 16610
[2025-12-06 19:07:50,818] INFO django.server: "GET /admin/jsi18n/ HTTP/1.1" 200 3342
[2025-12-06 19:08:01,848] INFO django.server: "GET /admin/ HTTP/1.1" 200 12800
[2025-12-06 19:08:04,480] INFO django.server: "GET /admin/magazin_de_bijuterii/promotie/ HTTP/1.1" 200 11014
[2025-12-06 19:08:04,590] INFO django.server: "GET /admin/jsi18n/ HTTP/1.1" 200 3342
[2025-12-06 19:08:06,809] INFO django.server: "GET /admin/magazin_de_bijuterii/promotie/add/ HTTP/1.1" 200 16290
[2025-12-06 19:08:06,917] INFO django.server: "GET /admin/jsi18n/ HTTP/1.1" 200 3342
[2025-12-06 19:08:33,409] INFO django.server: "POST /admin/magazin_de_bijuterii/promotie/add/ HTTP/1.1" 200 16607
[2025-12-06 19:08:33,528] INFO django.server: "GET /admin/jsi18n/ HTTP/1.1" 200 3342
[2025-12-06 19:10:37,485] INFO django.utils.autoreload: Watching for file changes with StatReloader
[2025-12-06 19:10:43,301] INFO django.server: "POST /admin/magazin_de_bijuterii/promotie/add/ HTTP/1.1" 200 16607
[2025-12-06 19:10:43,418] INFO django.server: "GET /admin/jsi18n/ HTTP/1.1" 200 3342
[2025-12-06 19:10:49,727] INFO django.server: "GET /admin/ HTTP/1.1" 200 12800
[2025-12-06 19:10:53,393] INFO django.server: "GET /admin/magazin_de_bijuterii/promotie/ HTTP/1.1" 200 11014
[2025-12-06 19:10:53,514] INFO django.server: "GET /admin/jsi18n/ HTTP/1.1" 200 3342
[2025-12-06 19:10:55,764] INFO django.server: "GET /admin/magazin_de_bijuterii/promotie/add/ HTTP/1.1" 200 16290
[2025-12-06 19:10:55,866] INFO django.server: "GET /admin/jsi18n/ HTTP/1.1" 200 3342
[2025-12-06 19:11:15,585] INFO django.server: "POST /admin/magazin_de_bijuterii/promotie/add/ HTTP/1.1" 200 16602
[2025-12-06 19:11:15,694] INFO django.server: "GET /admin/jsi18n/ HTTP/1.1" 200 3342
[2025-12-06 19:12:20,893] INFO django.utils.autoreload: C:\Users\marac\Desktop\Django\Proiect_Django\magazin_de_bijuterii\admin.py changed, reloading.
[2025-12-06 19:12:20,902] INFO django.utils.autoreload: C:\Users\marac\Desktop\Django\Proiect_Django\magazin_de_bijuterii\admin.py changed, reloading.
[2025-12-06 19:12:21,635] INFO django.utils.autoreload: C:\Users\marac\Desktop\Django\Proiect_Django\magazin_de_bijuterii\admin.py changed, reloading.
[2025-12-06 19:12:22,982] INFO django.utils.autoreload: Watching for file changes with StatReloader
[2025-12-06 19:12:22,993] INFO django.utils.autoreload: Watching for file changes with StatReloader
[2025-12-06 19:12:24,199] INFO django.utils.autoreload: Watching for file changes with StatReloader
[2025-12-06 19:12:25,070] INFO django.utils.autoreload: C:\Users\marac\Desktop\Django\Proiect_Django\magazin_de_bijuterii\admin.py changed, reloading.
[2025-12-06 19:12:27,456] INFO django.utils.autoreload: Watching for file changes with StatReloader
[2025-12-06 19:14:55,319] INFO django.utils.autoreload: C:\Users\marac\Desktop\Django\Proiect_Django\magazin_de_bijuterii\models.py changed, reloading.
[2025-12-06 19:14:55,449] INFO django.utils.autoreload: C:\Users\marac\Desktop\Django\Proiect_Django\magazin_de_bijuterii\models.py changed, reloading.
[2025-12-06 19:14:55,457] INFO django.utils.autoreload: C:\Users\marac\Desktop\Django\Proiect_Django\magazin_de_bijuterii\models.py changed, reloading.
[2025-12-06 19:14:57,135] INFO django.utils.autoreload: Watching for file changes with StatReloader
[2025-12-06 19:14:57,255] INFO django.utils.autoreload: Watching for file changes with StatReloader
[2025-12-06 19:14:57,290] INFO django.utils.autoreload: Watching for file changes with StatReloader
[2025-12-06 19:16:25,917] INFO django.utils.autoreload: C:\Users\marac\Desktop\Django\Proiect_Django\magazin_de_bijuterii\forms.py changed, reloading.
[2025-12-06 19:16:26,308] INFO django.utils.autoreload: C:\Users\marac\Desktop\Django\Proiect_Django\magazin_de_bijuterii\forms.py changed, reloading.
[2025-12-06 19:16:26,310] INFO django.utils.autoreload: C:\Users\marac\Desktop\Django\Proiect_Django\magazin_de_bijuterii\forms.py changed, reloading.
[2025-12-06 19:16:28,153] INFO django.utils.autoreload: Watching for file changes with StatReloader
[2025-12-06 19:16:28,512] INFO django.utils.autoreload: Watching for file changes with StatReloader
[2025-12-06 19:16:28,562] INFO django.utils.autoreload: Watching for file changes with StatReloader
[2025-12-06 19:17:47,419] INFO django.utils.autoreload: C:\Users\marac\Desktop\Django\Proiect_Django\magazin_de_bijuterii\views.py changed, reloading.
[2025-12-06 19:17:47,426] INFO django.utils.autoreload: C:\Users\marac\Desktop\Django\Proiect_Django\magazin_de_bijuterii\views.py changed, reloading.
[2025-12-06 19:17:47,803] INFO django.utils.autoreload: C:\Users\marac\Desktop\Django\Proiect_Django\magazin_de_bijuterii\views.py changed, reloading.
[2025-12-06 19:17:50,424] INFO django.utils.autoreload: Watching for file changes with StatReloader
[2025-12-06 19:17:50,509] INFO django.utils.autoreload: Watching for file changes with StatReloader
[2025-12-06 19:17:50,685] INFO django.utils.autoreload: Watching for file changes with StatReloader
[2025-12-06 19:17:54,838] INFO django.utils.autoreload: C:\Users\marac\Desktop\Django\Proiect_Django\magazin_de_bijuterii\views.py changed, reloading.
[2025-12-06 19:17:54,922] INFO django.utils.autoreload: C:\Users\marac\Desktop\Django\Proiect_Django\magazin_de_bijuterii\views.py changed, reloading.
[2025-12-06 19:17:54,955] INFO django.utils.autoreload: C:\Users\marac\Desktop\Django\Proiect_Django\magazin_de_bijuterii\views.py changed, reloading.
[2025-12-06 19:17:57,219] INFO django.utils.autoreload: Watching for file changes with StatReloader
[2025-12-06 19:17:57,740] INFO django.utils.autoreload: Watching for file changes with StatReloader
[2025-12-06 19:17:57,755] INFO django.utils.autoreload: Watching for file changes with StatReloader
[2025-12-06 19:18:59,462] INFO django.utils.autoreload: Watching for file changes with StatReloader
[2025-12-06 19:19:08,551] INFO django.server: "POST /admin/magazin_de_bijuterii/promotie/add/ HTTP/1.1" 200 18081
[2025-12-06 19:19:08,719] INFO django.server: "GET /static/admin/js/SelectFilter2.js HTTP/1.1" 200 15845
[2025-12-06 19:19:08,736] INFO django.server: "GET /static/admin/js/SelectBox.js HTTP/1.1" 200 4530
[2025-12-06 19:19:08,788] INFO django.server: "GET /admin/jsi18n/ HTTP/1.1" 200 3342
[2025-12-06 19:19:08,872] INFO django.server: "GET /static/admin/img/selector-icons.svg HTTP/1.1" 200 3291
[2025-12-06 19:19:15,132] INFO django.server: "GET /admin/ HTTP/1.1" 200 12800
[2025-12-06 19:19:15,851] INFO django.server: "GET /admin/ HTTP/1.1" 200 12800
[2025-12-06 19:19:18,448] INFO django.server: "GET /admin/magazin_de_bijuterii/promotie/ HTTP/1.1" 200 11014
[2025-12-06 19:19:18,567] INFO django.server: "GET /admin/jsi18n/ HTTP/1.1" 200 3342
[2025-12-06 19:19:23,462] INFO django.server: "GET /admin/magazin_de_bijuterii/promotie/add/ HTTP/1.1" 200 17848
[2025-12-06 19:19:23,570] INFO django.server: "GET /admin/jsi18n/ HTTP/1.1" 200 3342
[2025-12-06 19:19:50,637] INFO django.server: "POST /admin/magazin_de_bijuterii/promotie/add/ HTTP/1.1" 302 0
[2025-12-06 19:19:50,739] INFO django.server: "GET /admin/magazin_de_bijuterii/promotie/ HTTP/1.1" 200 12546
[2025-12-06 19:19:50,972] INFO django.server: "GET /admin/jsi18n/ HTTP/1.1" 200 3342
[2025-12-06 19:21:55,021] INFO django.server: "GET /admin/ HTTP/1.1" 200 13169
[2025-12-06 19:21:57,941] INFO django.server: "GET /magazin_de_bijuterii/inregistrare/ HTTP/1.1" 200 4925
[2025-12-06 19:22:06,174] WARNING django.request: Not Found: /magazin_de_bijuterii/promotii
[2025-12-06 19:22:06,175] WARNING django.server: "GET /magazin_de_bijuterii/promotii HTTP/1.1" 404 14420
[2025-12-06 19:22:26,079] INFO django.utils.autoreload: C:\Users\marac\Desktop\Django\Proiect_Django\magazin_de_bijuterii\urls.py changed, reloading.
[2025-12-06 19:22:26,394] INFO django.utils.autoreload: C:\Users\marac\Desktop\Django\Proiect_Django\magazin_de_bijuterii\urls.py changed, reloading.
[2025-12-06 19:22:26,769] INFO django.utils.autoreload: C:\Users\marac\Desktop\Django\Proiect_Django\magazin_de_bijuterii\urls.py changed, reloading.
[2025-12-06 19:22:26,836] INFO django.utils.autoreload: C:\Users\marac\Desktop\Django\Proiect_Django\magazin_de_bijuterii\urls.py changed, reloading.
[2025-12-06 19:22:28,423] INFO django.utils.autoreload: Watching for file changes with StatReloader
[2025-12-06 19:22:28,803] INFO django.utils.autoreload: Watching for file changes with StatReloader
[2025-12-06 19:22:29,267] INFO django.utils.autoreload: Watching for file changes with StatReloader
[2025-12-06 19:22:29,357] INFO django.utils.autoreload: Watching for file changes with StatReloader
[2025-12-06 19:22:30,536] INFO django.utils.autoreload: C:\Users\marac\Desktop\Django\Proiect_Django\magazin_de_bijuterii\urls.py changed, reloading.
[2025-12-06 19:22:30,966] INFO django.utils.autoreload: C:\Users\marac\Desktop\Django\Proiect_Django\magazin_de_bijuterii\urls.py changed, reloading.
[2025-12-06 19:22:31,337] INFO django.utils.autoreload: C:\Users\marac\Desktop\Django\Proiect_Django\magazin_de_bijuterii\urls.py changed, reloading.
[2025-12-06 19:22:31,462] INFO django.utils.autoreload: C:\Users\marac\Desktop\Django\Proiect_Django\magazin_de_bijuterii\urls.py changed, reloading.
[2025-12-06 19:22:34,024] INFO django.utils.autoreload: Watching for file changes with StatReloader
[2025-12-06 19:22:34,407] INFO django.utils.autoreload: Watching for file changes with StatReloader
[2025-12-06 19:22:34,718] INFO django.server: "GET /magazin_de_bijuterii/promotii HTTP/1.1" 301 0
[2025-12-06 19:22:34,779] INFO django.utils.autoreload: Watching for file changes with StatReloader
[2025-12-06 19:22:34,970] INFO django.utils.autoreload: Watching for file changes with StatReloader
[2025-12-06 19:22:36,163] ERROR django.request: Internal Server Error: /magazin_de_bijuterii/promotii/
Traceback (most recent call last):
  File "C:\Users\marac\AppData\Roaming\Python\Python314\site-packages\django\template\backends\django.py", line 107, in render
    return self.template.render(context)
           ~~~~~~~~~~~~~~~~~~~~^^^^^^^^^
  File "C:\Users\marac\AppData\Roaming\Python\Python314\site-packages\django\template\base.py", line 171, in render
    return self._render(context)
           ~~~~~~~~~~~~^^^^^^^^^
  File "C:\Users\marac\AppData\Roaming\Python\Python314\site-packages\django\template\base.py", line 163, in _render
    return self.nodelist.render(context)
           ~~~~~~~~~~~~~~~~~~~~^^^^^^^^^
  File "C:\Users\marac\AppData\Roaming\Python\Python314\site-packages\django\template\base.py", line 1016, in render
    return SafeString("".join([node.render_annotated(context) for node in self]))
                               ~~~~~~~~~~~~~~~~~~~~~^^^^^^^^^
  File "C:\Users\marac\AppData\Roaming\Python\Python314\site-packages\django\template\base.py", line 977, in render_annotated
    return self.render(context)
           ~~~~~~~~~~~^^^^^^^^^
  File "C:\Users\marac\AppData\Roaming\Python\Python314\site-packages\django\template\loader_tags.py", line 134, in render
    compiled_parent = self.get_parent(context)
  File "C:\Users\marac\AppData\Roaming\Python\Python314\site-packages\django\template\loader_tags.py", line 131, in get_parent
    return self.find_template(parent, context)
           ~~~~~~~~~~~~~~~~~~^^^^^^^^^^^^^^^^^
  File "C:\Users\marac\AppData\Roaming\Python\Python314\site-packages\django\template\loader_tags.py", line 109, in find_template
    template, origin = context.template.engine.find_template(
                       ~~~~~~~~~~~~~~~~~~~~~~~~~~~~~~~~~~~~~^
        template_name,
        ^^^^^^^^^^^^^^
        skip=history,
        ^^^^^^^^^^^^^
    )
    ^
  File "C:\Users\marac\AppData\Roaming\Python\Python314\site-packages\django\template\engine.py", line 163, in find_template
    raise TemplateDoesNotExist(name, tried=tried)
django.template.exceptions.TemplateDoesNotExist: base.html

The above exception was the direct cause of the following exception:

Traceback (most recent call last):
  File "C:\Users\marac\AppData\Roaming\Python\Python314\site-packages\django\core\handlers\exception.py", line 55, in inner
    response = get_response(request)
  File "C:\Users\marac\AppData\Roaming\Python\Python314\site-packages\django\core\handlers\base.py", line 197, in _get_response
    response = wrapped_callback(request, *callback_args, **callback_kwargs)
  File "C:\Users\marac\AppData\Roaming\Python\Python314\site-packages\django\contrib\auth\decorators.py", line 59, in _view_wrapper
    return view_func(request, *args, **kwargs)
  File "C:\Users\marac\Desktop\Django\Proiect_Django\magazin_de_bijuterii\views.py", line 1155, in promotii_view
    return render(request, 'magazin_de_bijuterii/promotii.html', {'form': form})
  File "C:\Users\marac\AppData\Roaming\Python\Python314\site-packages\django\shortcuts.py", line 25, in render
    content = loader.render_to_string(template_name, context, request, using=using)
  File "C:\Users\marac\AppData\Roaming\Python\Python314\site-packages\django\template\loader.py", line 62, in render_to_string
    return template.render(context, request)
           ~~~~~~~~~~~~~~~^^^^^^^^^^^^^^^^^^
  File "C:\Users\marac\AppData\Roaming\Python\Python314\site-packages\django\template\backends\django.py", line 109, in render
    reraise(exc, self.backend)
    ~~~~~~~^^^^^^^^^^^^^^^^^^^
  File "C:\Users\marac\AppData\Roaming\Python\Python314\site-packages\django\template\backends\django.py", line 130, in reraise
    raise new from exc
django.template.exceptions.TemplateDoesNotExist: base.html
[2025-12-06 19:22:36,216] ERROR django.server: "GET /magazin_de_bijuterii/promotii/ HTTP/1.1" 500 135957
[2025-12-06 19:23:02,471] ERROR django.request: Internal Server Error: /magazin_de_bijuterii/promotii/
Traceback (most recent call last):
  File "C:\Users\marac\AppData\Roaming\Python\Python314\site-packages\django\template\backends\django.py", line 107, in render
    return self.template.render(context)
           ~~~~~~~~~~~~~~~~~~~~^^^^^^^^^
  File "C:\Users\marac\AppData\Roaming\Python\Python314\site-packages\django\template\base.py", line 171, in render
    return self._render(context)
           ~~~~~~~~~~~~^^^^^^^^^
  File "C:\Users\marac\AppData\Roaming\Python\Python314\site-packages\django\template\base.py", line 163, in _render
    return self.nodelist.render(context)
           ~~~~~~~~~~~~~~~~~~~~^^^^^^^^^
  File "C:\Users\marac\AppData\Roaming\Python\Python314\site-packages\django\template\base.py", line 1016, in render
    return SafeString("".join([node.render_annotated(context) for node in self]))
                               ~~~~~~~~~~~~~~~~~~~~~^^^^^^^^^
  File "C:\Users\marac\AppData\Roaming\Python\Python314\site-packages\django\template\base.py", line 977, in render_annotated
    return self.render(context)
           ~~~~~~~~~~~^^^^^^^^^
  File "C:\Users\marac\AppData\Roaming\Python\Python314\site-packages\django\template\loader_tags.py", line 134, in render
    compiled_parent = self.get_parent(context)
  File "C:\Users\marac\AppData\Roaming\Python\Python314\site-packages\django\template\loader_tags.py", line 131, in get_parent
    return self.find_template(parent, context)
           ~~~~~~~~~~~~~~~~~~^^^^^^^^^^^^^^^^^
  File "C:\Users\marac\AppData\Roaming\Python\Python314\site-packages\django\template\loader_tags.py", line 109, in find_template
    template, origin = context.template.engine.find_template(
                       ~~~~~~~~~~~~~~~~~~~~~~~~~~~~~~~~~~~~~^
        template_name,
        ^^^^^^^^^^^^^^
        skip=history,
        ^^^^^^^^^^^^^
    )
    ^
  File "C:\Users\marac\AppData\Roaming\Python\Python314\site-packages\django\template\engine.py", line 163, in find_template
    raise TemplateDoesNotExist(name, tried=tried)
django.template.exceptions.TemplateDoesNotExist: baza.html

The above exception was the direct cause of the following exception:

Traceback (most recent call last):
  File "C:\Users\marac\AppData\Roaming\Python\Python314\site-packages\django\core\handlers\exception.py", line 55, in inner
    response = get_response(request)
  File "C:\Users\marac\AppData\Roaming\Python\Python314\site-packages\django\core\handlers\base.py", line 197, in _get_response
    response = wrapped_callback(request, *callback_args, **callback_kwargs)
  File "C:\Users\marac\AppData\Roaming\Python\Python314\site-packages\django\contrib\auth\decorators.py", line 59, in _view_wrapper
    return view_func(request, *args, **kwargs)
  File "C:\Users\marac\Desktop\Django\Proiect_Django\magazin_de_bijuterii\views.py", line 1155, in promotii_view
    return render(request, 'magazin_de_bijuterii/promotii.html', {'form': form})
  File "C:\Users\marac\AppData\Roaming\Python\Python314\site-packages\django\shortcuts.py", line 25, in render
    content = loader.render_to_string(template_name, context, request, using=using)
  File "C:\Users\marac\AppData\Roaming\Python\Python314\site-packages\django\template\loader.py", line 62, in render_to_string
    return template.render(context, request)
           ~~~~~~~~~~~~~~~^^^^^^^^^^^^^^^^^^
  File "C:\Users\marac\AppData\Roaming\Python\Python314\site-packages\django\template\backends\django.py", line 109, in render
    reraise(exc, self.backend)
    ~~~~~~~^^^^^^^^^^^^^^^^^^^
  File "C:\Users\marac\AppData\Roaming\Python\Python314\site-packages\django\template\backends\django.py", line 130, in reraise
    raise new from exc
django.template.exceptions.TemplateDoesNotExist: baza.html
[2025-12-06 19:23:02,478] ERROR django.server: "GET /magazin_de_bijuterii/promotii/ HTTP/1.1" 500 135957
[2025-12-06 19:23:04,980] ERROR django.request: Internal Server Error: /magazin_de_bijuterii/promotii/
Traceback (most recent call last):
  File "C:\Users\marac\AppData\Roaming\Python\Python314\site-packages\django\template\backends\django.py", line 107, in render
    return self.template.render(context)
           ~~~~~~~~~~~~~~~~~~~~^^^^^^^^^
  File "C:\Users\marac\AppData\Roaming\Python\Python314\site-packages\django\template\base.py", line 171, in render
    return self._render(context)
           ~~~~~~~~~~~~^^^^^^^^^
  File "C:\Users\marac\AppData\Roaming\Python\Python314\site-packages\django\template\base.py", line 163, in _render
    return self.nodelist.render(context)
           ~~~~~~~~~~~~~~~~~~~~^^^^^^^^^
  File "C:\Users\marac\AppData\Roaming\Python\Python314\site-packages\django\template\base.py", line 1016, in render
    return SafeString("".join([node.render_annotated(context) for node in self]))
                               ~~~~~~~~~~~~~~~~~~~~~^^^^^^^^^
  File "C:\Users\marac\AppData\Roaming\Python\Python314\site-packages\django\template\base.py", line 977, in render_annotated
    return self.render(context)
           ~~~~~~~~~~~^^^^^^^^^
  File "C:\Users\marac\AppData\Roaming\Python\Python314\site-packages\django\template\loader_tags.py", line 134, in render
    compiled_parent = self.get_parent(context)
  File "C:\Users\marac\AppData\Roaming\Python\Python314\site-packages\django\template\loader_tags.py", line 131, in get_parent
    return self.find_template(parent, context)
           ~~~~~~~~~~~~~~~~~~^^^^^^^^^^^^^^^^^
  File "C:\Users\marac\AppData\Roaming\Python\Python314\site-packages\django\template\loader_tags.py", line 109, in find_template
    template, origin = context.template.engine.find_template(
                       ~~~~~~~~~~~~~~~~~~~~~~~~~~~~~~~~~~~~~^
        template_name,
        ^^^^^^^^^^^^^^
        skip=history,
        ^^^^^^^^^^^^^
    )
    ^
  File "C:\Users\marac\AppData\Roaming\Python\Python314\site-packages\django\template\engine.py", line 163, in find_template
    raise TemplateDoesNotExist(name, tried=tried)
django.template.exceptions.TemplateDoesNotExist: baza.html

The above exception was the direct cause of the following exception:

Traceback (most recent call last):
  File "C:\Users\marac\AppData\Roaming\Python\Python314\site-packages\django\core\handlers\exception.py", line 55, in inner
    response = get_response(request)
  File "C:\Users\marac\AppData\Roaming\Python\Python314\site-packages\django\core\handlers\base.py", line 197, in _get_response
    response = wrapped_callback(request, *callback_args, **callback_kwargs)
  File "C:\Users\marac\AppData\Roaming\Python\Python314\site-packages\django\contrib\auth\decorators.py", line 59, in _view_wrapper
    return view_func(request, *args, **kwargs)
  File "C:\Users\marac\Desktop\Django\Proiect_Django\magazin_de_bijuterii\views.py", line 1155, in promotii_view
    return render(request, 'magazin_de_bijuterii/promotii.html', {'form': form})
  File "C:\Users\marac\AppData\Roaming\Python\Python314\site-packages\django\shortcuts.py", line 25, in render
    content = loader.render_to_string(template_name, context, request, using=using)
  File "C:\Users\marac\AppData\Roaming\Python\Python314\site-packages\django\template\loader.py", line 62, in render_to_string
    return template.render(context, request)
           ~~~~~~~~~~~~~~~^^^^^^^^^^^^^^^^^^
  File "C:\Users\marac\AppData\Roaming\Python\Python314\site-packages\django\template\backends\django.py", line 109, in render
    reraise(exc, self.backend)
    ~~~~~~~^^^^^^^^^^^^^^^^^^^
  File "C:\Users\marac\AppData\Roaming\Python\Python314\site-packages\django\template\backends\django.py", line 130, in reraise
    raise new from exc
django.template.exceptions.TemplateDoesNotExist: baza.html
[2025-12-06 19:23:04,986] ERROR django.server: "GET /magazin_de_bijuterii/promotii/ HTTP/1.1" 500 135957
[2025-12-06 19:23:32,586] INFO django.server: "GET /magazin_de_bijuterii/promotii/ HTTP/1.1" 200 3721
[2025-12-06 19:39:56,205] INFO django.server: "GET /magazin_de_bijuterii/accounts/login/ HTTP/1.1" 200 2932
[2025-12-06 19:40:04,109] INFO django.server: "GET /magazin_de_bijuterii/accounts/profil/ HTTP/1.1" 200 2710
[2025-12-07 03:15:39,868] INFO django.utils.autoreload: Watching for file changes with StatReloader
[2025-12-07 03:15:43,636] INFO django.server: "GET / HTTP/1.1" 200 2386
[2025-12-07 03:15:55,584] INFO django.server: "GET /magazin_de_bijuterii/inregistrare/ HTTP/1.1" 200 4925
[2025-12-07 03:16:06,101] INFO django.server: "GET /magazin_de_bijuterii/accounts/login/ HTTP/1.1" 200 2932
[2025-12-07 03:16:16,710] INFO django: User maraa a incercat sa se logheze fara confirmare email
[2025-12-07 03:16:16,722] INFO django.server: "POST /magazin_de_bijuterii/accounts/login/ HTTP/1.1" 200 3047
[2025-12-07 03:16:26,654] INFO django.server: "GET /admin/magazin_de_bijuterii/customuser/ HTTP/1.1" 200 16940
[2025-12-07 03:16:26,897] INFO django.server: "GET /static/admin/img/icon-no.svg HTTP/1.1" 200 560
[2025-12-07 03:16:40,791] INFO django: Utilizator logat: MARA1
[2025-12-07 03:16:40,799] INFO django.server: "POST /magazin_de_bijuterii/accounts/login/ HTTP/1.1" 302 0
[2025-12-07 03:16:40,910] INFO django.server: "GET /accounts/profil/ HTTP/1.1" 200 2729
[2025-12-07 03:17:03,177] INFO django.server: "GET / HTTP/1.1" 200 2386
[2025-12-07 03:17:06,127] INFO django.server: "GET /produse/bratara/ HTTP/1.1" 200 7695
[2025-12-07 03:17:10,362] INFO django.server: "GET /produse/8/ HTTP/1.1" 200 2769
[2025-12-07 03:17:10,499] INFO django.server: "GET /static/magazin_de_bijuterii/imagini/083a1c6a461223a2a018185057e895cb.jpg HTTP/1.1" 200 63533
[2025-12-07 03:17:18,434] INFO django.server: "GET /produse/bratara/ HTTP/1.1" 200 7695
[2025-12-07 03:17:21,456] INFO django.server: "GET /produse/6/ HTTP/1.1" 200 2812
[2025-12-07 03:17:26,289] INFO django.server: "GET /produse/bratara/ HTTP/1.1" 200 7695
[2025-12-07 03:17:29,011] INFO django.server: "GET /produse/bratara/?page=2&sort=a HTTP/1.1" 200 4696
[2025-12-07 03:17:33,396] INFO django.server: "GET /produse/bratara/?page=1&sort=a HTTP/1.1" 200 7675
[2025-12-07 03:17:36,739] INFO django.server: "GET /produse/bratara/ HTTP/1.1" 200 7695
[2025-12-07 03:17:45,350] INFO django.server: "GET /produse/ HTTP/1.1" 200 7720
[2025-12-07 03:17:46,542] INFO django.server: "GET /produse/bratara/ HTTP/1.1" 200 7695
[2025-12-07 03:17:50,675] INFO django.server: "GET /produse/bratara/ HTTP/1.1" 200 7695
[2025-12-07 03:17:53,805] INFO django.server: "GET /produse/2/ HTTP/1.1" 200 2944
[2025-12-07 03:18:00,606] INFO django.server: "GET /produse/1/ HTTP/1.1" 200 2825
[2025-12-07 03:25:47,094] INFO django.utils.autoreload: C:\Users\marac\Desktop\Django\Proiect_Django\magazin_de_bijuterii\signals.py changed, reloading.
[2025-12-07 03:25:49,275] INFO django.utils.autoreload: Watching for file changes with StatReloader
[2025-12-07 03:25:56,166] INFO django.utils.autoreload: C:\Users\marac\Desktop\Django\Proiect_Django\magazin_de_bijuterii\apps.py changed, reloading.
[2025-12-07 03:25:58,073] INFO django.utils.autoreload: Watching for file changes with StatReloader
[2025-12-07 03:26:01,911] INFO django.server: "GET /produse/bratara/ HTTP/1.1" 200 7695
[2025-12-07 03:26:03,739] INFO django.server: "GET /produse/bratara/ HTTP/1.1" 200 7695
[2025-12-07 03:26:08,267] INFO django.server: "GET /produse/1/ HTTP/1.1" 200 2825
[2025-12-07 03:26:12,006] INFO django.server: "GET /produse/6/ HTTP/1.1" 200 2812
[2025-12-07 03:26:15,673] INFO django.server: "GET /produse/2/ HTTP/1.1" 200 2944
[2025-12-07 03:26:18,888] INFO django.server: "GET /produse/7/ HTTP/1.1" 200 2786
[2025-12-07 03:26:23,171] INFO django.server: "GET /produse/8/ HTTP/1.1" 200 2769
[2025-12-07 03:26:33,888] INFO django.server: "GET /magazin_de_bijuterii/inregistrare/ HTTP/1.1" 200 4925
[2025-12-07 03:26:46,361] INFO django.server: "GET /magazin_de_bijuterii/promotii/ HTTP/1.1" 200 3721
[2025-12-07 03:28:26,460] ERROR django.request: Internal Server Error: /magazin_de_bijuterii/promotii/
Traceback (most recent call last):
  File "C:\Users\marac\AppData\Roaming\Python\Python314\site-packages\django\core\handlers\exception.py", line 55, in inner
    response = get_response(request)
  File "C:\Users\marac\AppData\Roaming\Python\Python314\site-packages\django\core\handlers\base.py", line 197, in _get_response
    response = wrapped_callback(request, *callback_args, **callback_kwargs)
  File "C:\Users\marac\AppData\Roaming\Python\Python314\site-packages\django\contrib\auth\decorators.py", line 59, in _view_wrapper
    return view_func(request, *args, **kwargs)
  File "C:\Users\marac\Desktop\Django\Proiect_Django\magazin_de_bijuterii\views.py", line 1150, in promotii_view
    return redirect('promotii_succes')
  File "C:\Users\marac\AppData\Roaming\Python\Python314\site-packages\django\shortcuts.py", line 51, in redirect
    resolve_url(to, *args, **kwargs),
    ~~~~~~~~~~~^^^^^^^^^^^^^^^^^^^^^
  File "C:\Users\marac\AppData\Roaming\Python\Python314\site-packages\django\shortcuts.py", line 184, in resolve_url
    return reverse(to, args=args, kwargs=kwargs)
  File "C:\Users\marac\AppData\Roaming\Python\Python314\site-packages\django\urls\base.py", line 98, in reverse
    resolved_url = resolver._reverse_with_prefix(view, prefix, *args, **kwargs)
  File "C:\Users\marac\AppData\Roaming\Python\Python314\site-packages\django\urls\resolvers.py", line 831, in _reverse_with_prefix
    raise NoReverseMatch(msg)
django.urls.exceptions.NoReverseMatch: Reverse for 'promotii_succes' not found. 'promotii_succes' is not a valid view function or pattern name.
[2025-12-07 03:28:26,467] ERROR django.server: "POST /magazin_de_bijuterii/promotii/ HTTP/1.1" 500 96103
[2025-12-07 03:29:26,112] INFO django.utils.autoreload: C:\Users\marac\Desktop\Django\Proiect_Django\magazin_de_bijuterii\views.py changed, reloading.
[2025-12-07 03:29:28,141] INFO django.utils.autoreload: Watching for file changes with StatReloader
[2025-12-07 03:29:32,290] INFO django.server: "POST /magazin_de_bijuterii/promotii/ HTTP/1.1" 200 26
[2025-12-07 03:30:24,796] INFO django.utils.autoreload: C:\Users\marac\Desktop\Django\Proiect_Django\Proiect_Django\settings.py changed, reloading.
[2025-12-07 03:30:26,692] INFO django.utils.autoreload: Watching for file changes with StatReloader
[2025-12-07 03:30:33,697] INFO django.utils.autoreload: C:\Users\marac\Desktop\Django\Proiect_Django\Proiect_Django\settings.py changed, reloading.
[2025-12-07 03:30:35,579] INFO django.utils.autoreload: Watching for file changes with StatReloader
[2025-12-07 03:30:39,406] INFO django.server: "POST /magazin_de_bijuterii/promotii/ HTTP/1.1" 200 26
[2025-12-07 03:30:56,527] INFO django.server: "GET /magazin_de_bijuterii/promotii/ HTTP/1.1" 200 3721
[2025-12-07 03:30:59,411] INFO django.server: "POST /magazin_de_bijuterii/promotii/ HTTP/1.1" 200 26
[2025-12-07 03:32:36,254] INFO django.utils.autoreload: C:\Users\marac\Desktop\Django\Proiect_Django\magazin_de_bijuterii\admin.py changed, reloading.
[2025-12-07 03:32:38,274] INFO django.utils.autoreload: Watching for file changes with StatReloader
[2025-12-07 03:32:47,238] INFO django.utils.autoreload: C:\Users\marac\Desktop\Django\Proiect_Django\magazin_de_bijuterii\admin.py changed, reloading.
[2025-12-07 03:32:49,425] INFO django.utils.autoreload: Watching for file changes with StatReloader
[2025-12-07 03:34:19,420] INFO django.utils.autoreload: Watching for file changes with StatReloader
[2025-12-07 03:34:23,226] INFO django.server: "GET /admin/ HTTP/1.1" 302 0
[2025-12-07 03:34:23,387] INFO django.server: "GET /admin/login/?next=/admin/ HTTP/1.1" 200 3725
[2025-12-07 03:34:30,422] INFO django.server: "POST /admin/login/?next=/admin/ HTTP/1.1" 302 0
[2025-12-07 03:34:30,558] INFO django.server: "GET /admin/ HTTP/1.1" 200 13882
[2025-12-07 03:34:32,992] INFO django.server: "GET /admin/magazin_de_bijuterii/vizualizare/ HTTP/1.1" 200 13092
[2025-12-07 03:34:33,172] INFO django.server: "GET /admin/jsi18n/ HTTP/1.1" 200 3342
[2025-12-07 03:34:49,050] INFO django.server: "GET /magazin_de_bijuterii/ HTTP/1.1" 200 2386
[2025-12-07 03:34:52,222] INFO django.server: "GET /magazin_de_bijuterii/accounts/login/ HTTP/1.1" 200 2932
[2025-12-07 03:34:55,913] INFO django.server: "GET /magazin_de_bijuterii/accounts/profil/ HTTP/1.1" 200 2710
[2025-12-07 03:35:06,926] INFO django.server: "GET /magazin_de_bijuterii/accounts/login/ HTTP/1.1" 200 2932
[2025-12-07 03:35:12,044] INFO django: Utilizator logat: MARA1
[2025-12-07 03:35:12,050] INFO django.server: "POST /magazin_de_bijuterii/accounts/login/ HTTP/1.1" 302 0
[2025-12-07 03:35:12,259] INFO django.server: "GET /accounts/profil/ HTTP/1.1" 200 2729
[2025-12-07 03:35:16,751] INFO django.server: "GET /produse/bratara/ HTTP/1.1" 200 7695
[2025-12-07 03:35:18,382] INFO django.server: "GET /produse/1/ HTTP/1.1" 200 2825
[2025-12-07 03:35:22,209] INFO django.server: "GET /produse/8/ HTTP/1.1" 200 2769
[2025-12-07 03:35:25,354] INFO django.server: "GET /produse/7/ HTTP/1.1" 200 2786
[2025-12-07 03:35:28,736] INFO django.server: "GET /produse/6/ HTTP/1.1" 200 2812
[2025-12-07 03:35:32,770] INFO django.server: "GET /produse/2/ HTTP/1.1" 200 2944
[2025-12-07 03:36:02,576] INFO django.server: "GET /admin/ HTTP/1.1" 302 0
[2025-12-07 03:36:02,673] INFO django.server: "GET /admin/login/?next=/admin/ HTTP/1.1" 200 3725
[2025-12-07 03:36:12,338] INFO django.server: "POST /admin/login/?next=/admin/ HTTP/1.1" 302 0
[2025-12-07 03:36:12,430] INFO django.server: "GET /admin/ HTTP/1.1" 200 13882
[2025-12-07 03:36:14,970] INFO django.server: "GET /admin/magazin_de_bijuterii/vizualizare/ HTTP/1.1" 200 13092
[2025-12-07 03:36:15,051] INFO django.server: "GET /admin/jsi18n/ HTTP/1.1" 200 3342
[2025-12-07 03:36:19,588] INFO django.server: "GET /admin/magazin_de_bijuterii/vizualizare/?data_vizualizare__gte=2025-12-07+00%3A00%3A00%2B00%3A00&data_vizualizare__lt=2025-12-08+00%3A00%3A00%2B00%3A00 HTTP/1.1" 200 13630
[2025-12-07 03:36:19,701] INFO django.server: "GET /admin/jsi18n/ HTTP/1.1" 200 3342
[2025-12-07 03:36:22,567] INFO django.server: "GET /admin/magazin_de_bijuterii/vizualizare/add/?_changelist_filters=data_vizualizare__gte%3D2025-12-07%2B00%253A00%253A00%252B00%253A00%26data_vizualizare__lt%3D2025-12-08%2B00%253A00%253A00%252B00%253A00 HTTP/1.1" 200 17164
[2025-12-07 03:36:22,775] INFO django.server: "GET /admin/jsi18n/ HTTP/1.1" 200 3342
[2025-12-07 03:36:25,519] INFO django.server: "GET /admin/magazin_de_bijuterii/vizualizare/?data_vizualizare__gte=2025-12-07+00%3A00%3A00%2B00%3A00&data_vizualizare__lt=2025-12-08+00%3A00%3A00%2B00%3A00 HTTP/1.1" 200 13630
[2025-12-07 03:42:46,402] INFO django.utils.autoreload: C:\Users\marac\Desktop\Django\Proiect_Django\magazin_de_bijuterii\views.py changed, reloading.
[2025-12-07 03:42:48,433] INFO django.utils.autoreload: Watching for file changes with StatReloader
[2025-12-07 03:43:09,521] INFO django.utils.autoreload: C:\Users\marac\Desktop\Django\Proiect_Django\magazin_de_bijuterii\views.py changed, reloading.
[2025-12-07 03:43:11,565] INFO django.utils.autoreload: Watching for file changes with StatReloader
[2025-12-07 03:43:16,864] INFO django.server: "GET /admin/magazin_de_bijuterii/vizualizare/?data_vizualizare__gte=2025-12-07+00%3A00%3A00%2B00%3A00&data_vizualizare__lt=2025-12-08+00%3A00%3A00%2B00%3A00 HTTP/1.1" 200 13630
[2025-12-07 03:43:16,966] INFO django.server: "GET /admin/jsi18n/ HTTP/1.1" 200 3342
[2025-12-07 03:43:40,331] INFO django.server: "GET /magazin_de_bijuterii/ HTTP/1.1" 200 2386
[2025-12-07 03:43:47,596] INFO django.server: "GET /magazin_de_bijuterii/accounts/profil/ HTTP/1.1" 200 2710
[2025-12-07 03:43:57,576] INFO django.server: "GET /magazin_de_bijuterii/accounts/login/ HTTP/1.1" 200 2932
[2025-12-07 03:44:06,834] INFO django: Utilizator logat: MARA1
[2025-12-07 03:44:06,842] INFO django.server: "POST /magazin_de_bijuterii/accounts/login/ HTTP/1.1" 302 0
[2025-12-07 03:44:06,936] INFO django.server: "GET /accounts/profil/ HTTP/1.1" 200 2729
[2025-12-07 03:44:09,918] INFO django.server: "GET /produse/bratara/ HTTP/1.1" 200 7695
[2025-12-07 03:44:11,590] INFO django.server: "GET /produse/8/ HTTP/1.1" 200 2769
[2025-12-07 03:44:15,308] INFO django.server: "GET /produse/1/ HTTP/1.1" 200 2825
[2025-12-07 03:44:18,916] INFO django.server: "GET /produse/6/ HTTP/1.1" 200 2812
[2025-12-07 03:44:22,609] INFO django.server: "GET /produse/2/ HTTP/1.1" 200 2944
[2025-12-07 03:44:26,499] INFO django.server: "GET /produse/7/ HTTP/1.1" 200 2786
[2025-12-07 03:44:32,065] INFO django.server: "GET /produse/bratara/?page=2&sort=a HTTP/1.1" 200 4696
[2025-12-07 03:44:33,800] INFO django.server: "GET /produse/5/ HTTP/1.1" 200 3001
[2025-12-07 03:44:46,294] INFO django.server: "GET /admin/ HTTP/1.1" 302 0
[2025-12-07 03:44:46,417] INFO django.server: "GET /admin/login/?next=/admin/ HTTP/1.1" 200 3725
[2025-12-07 03:44:52,529] INFO django.server: "POST /admin/login/?next=/admin/ HTTP/1.1" 302 0
[2025-12-07 03:44:52,663] INFO django.server: "GET /admin/ HTTP/1.1" 200 13882
[2025-12-07 03:44:54,765] INFO django.server: "GET /admin/magazin_de_bijuterii/vizualizare/ HTTP/1.1" 200 13092
[2025-12-07 03:44:54,888] INFO django.server: "GET /admin/jsi18n/ HTTP/1.1" 200 3342
[2025-12-07 03:49:54,894] INFO django.utils.autoreload: C:\Users\marac\Desktop\Django\Proiect_Django\magazin_de_bijuterii\views.py changed, reloading.
[2025-12-07 03:49:56,843] INFO django.utils.autoreload: Watching for file changes with StatReloader
[2025-12-07 03:51:24,389] INFO django.utils.autoreload: C:\Users\marac\Desktop\Django\Proiect_Django\magazin_de_bijuterii\views.py changed, reloading.
[2025-12-07 03:51:26,438] INFO django.utils.autoreload: Watching for file changes with StatReloader
[2025-12-07 03:51:28,877] INFO django.server: "GET /admin/magazin_de_bijuterii/vizualizare/ HTTP/1.1" 200 13092
[2025-12-07 03:51:29,030] INFO django.server: "GET /admin/jsi18n/ HTTP/1.1" 200 3342
[2025-12-07 03:51:30,963] INFO django.server: "GET /admin/magazin_de_bijuterii/vizualizare/ HTTP/1.1" 200 13092
[2025-12-07 03:51:31,071] INFO django.server: "GET /admin/jsi18n/ HTTP/1.1" 200 3342
[2025-12-07 03:51:36,159] INFO django.server: "GET /admin/ HTTP/1.1" 200 13882
[2025-12-07 03:51:47,178] INFO django.server: "GET /magazin_de_bijuterii/accounts/login/ HTTP/1.1" 200 2932
[2025-12-07 03:51:56,831] INFO django: Utilizator logat: MARA1
[2025-12-07 03:51:56,839] INFO django.server: "POST /magazin_de_bijuterii/accounts/login/ HTTP/1.1" 302 0
[2025-12-07 03:51:56,931] INFO django.server: "GET /accounts/profil/ HTTP/1.1" 200 2729
[2025-12-07 03:52:00,531] INFO django.server: "GET /produse/bratara/ HTTP/1.1" 200 7695
[2025-12-07 03:52:02,483] INFO django.server: "GET /produse/1/ HTTP/1.1" 200 2825
[2025-12-07 03:52:04,314] INFO django.server: "GET /produse/ HTTP/1.1" 200 7720
[2025-12-07 03:52:05,568] INFO django.server: "GET /produse/bratara/ HTTP/1.1" 200 7695
[2025-12-07 03:52:06,721] INFO django.server: "GET /produse/8/ HTTP/1.1" 200 2769
[2025-12-07 03:52:09,469] INFO django.server: "GET /produse/7/ HTTP/1.1" 200 2786
[2025-12-07 03:52:12,613] INFO django.server: "GET /produse/6/ HTTP/1.1" 200 2812
[2025-12-07 03:52:15,673] INFO django.server: "GET /produse/2/ HTTP/1.1" 200 2944
[2025-12-07 03:52:18,735] INFO django.server: "GET /produse/8/ HTTP/1.1" 200 2769
[2025-12-07 03:52:26,623] INFO django.server: "GET /admin/ HTTP/1.1" 302 0
[2025-12-07 03:52:26,747] INFO django.server: "GET /admin/login/?next=/admin/ HTTP/1.1" 200 3725
[2025-12-07 03:52:32,922] INFO django.server: "POST /admin/login/?next=/admin/ HTTP/1.1" 302 0
[2025-12-07 03:52:33,038] INFO django.server: "GET /admin/ HTTP/1.1" 200 13882
[2025-12-07 03:52:34,500] INFO django.server: "GET /admin/magazin_de_bijuterii/vizualizare/ HTTP/1.1" 200 13092
[2025-12-07 03:52:34,611] INFO django.server: "GET /admin/jsi18n/ HTTP/1.1" 200 3342
[2025-12-07 03:56:44,843] INFO django.utils.autoreload: C:\Users\marac\Desktop\Django\Proiect_Django\magazin_de_bijuterii\views.py changed, reloading.
[2025-12-07 03:56:46,727] INFO django.utils.autoreload: Watching for file changes with StatReloader
[2025-12-07 03:57:13,843] INFO django.utils.autoreload: C:\Users\marac\Desktop\Django\Proiect_Django\magazin_de_bijuterii\views.py changed, reloading.
[2025-12-07 03:57:17,155] INFO django.utils.autoreload: Watching for file changes with StatReloader
[2025-12-07 03:57:38,539] INFO django.utils.autoreload: C:\Users\marac\Desktop\Django\Proiect_Django\magazin_de_bijuterii\views.py changed, reloading.
[2025-12-07 03:57:40,574] INFO django.utils.autoreload: Watching for file changes with StatReloader
[2025-12-07 03:57:59,991] INFO django.utils.autoreload: C:\Users\marac\Desktop\Django\Proiect_Django\magazin_de_bijuterii\views.py changed, reloading.
[2025-12-07 03:58:01,999] INFO django.utils.autoreload: Watching for file changes with StatReloader
[2025-12-07 03:58:18,816] INFO django.server: "GET /admin/magazin_de_bijuterii/vizualizare/ HTTP/1.1" 200 13092
[2025-12-07 03:58:18,914] INFO django.server: "GET /admin/jsi18n/ HTTP/1.1" 200 3342
[2025-12-07 03:58:25,342] INFO django.server: "GET /admin/ HTTP/1.1" 200 13882
[2025-12-07 03:58:32,753] INFO django.server: "GET /magazin_de_bijuterii/ HTTP/1.1" 200 2386
[2025-12-07 03:58:37,860] INFO django.server: "GET /magazin_de_bijuterii/accounts/login/ HTTP/1.1" 200 2932
[2025-12-07 03:58:39,924] INFO django.server: "GET /magazin_de_bijuterii/accounts/profil/ HTTP/1.1" 200 2710
[2025-12-07 03:58:48,662] INFO django.server: "GET /magazin_de_bijuterii/accounts/login/ HTTP/1.1" 200 2932
[2025-12-07 03:58:57,720] INFO django: Utilizator logat: MARA1
[2025-12-07 03:58:57,727] INFO django.server: "POST /magazin_de_bijuterii/accounts/login/ HTTP/1.1" 302 0
[2025-12-07 03:58:57,943] INFO django.server: "GET /accounts/profil/ HTTP/1.1" 200 2729
[2025-12-07 03:59:01,421] INFO django.server: "GET /produse/bratara/ HTTP/1.1" 200 7695
[2025-12-07 03:59:04,257] INFO django.server: "GET /produse/8/ HTTP/1.1" 200 2769
[2025-12-07 03:59:07,501] INFO django.server: "GET /produse/1/ HTTP/1.1" 200 2825
[2025-12-07 03:59:10,470] INFO django.server: "GET /produse/7/ HTTP/1.1" 200 2786
[2025-12-07 03:59:13,713] INFO django.server: "GET /produse/6/ HTTP/1.1" 200 2812
[2025-12-07 03:59:17,299] INFO django.server: "GET /produse/2/ HTTP/1.1" 200 2944
[2025-12-07 03:59:26,193] INFO django.server: "GET /admin/ HTTP/1.1" 302 0
[2025-12-07 03:59:26,336] INFO django.server: "GET /admin/login/?next=/admin/ HTTP/1.1" 200 3725
[2025-12-07 03:59:31,112] INFO django.server: "POST /admin/login/?next=/admin/ HTTP/1.1" 302 0
[2025-12-07 03:59:31,224] INFO django.server: "GET /admin/ HTTP/1.1" 200 13882
[2025-12-07 03:59:33,778] INFO django.server: "GET /admin/magazin_de_bijuterii/vizualizare/ HTTP/1.1" 200 13092
[2025-12-07 03:59:33,890] INFO django.server: "GET /admin/jsi18n/ HTTP/1.1" 200 3342
[2025-12-07 03:59:42,271] INFO django.server: "GET /admin/magazin_de_bijuterii/vizualizare/add/ HTTP/1.1" 200 16997
[2025-12-07 03:59:42,410] INFO django.server: "GET /admin/jsi18n/ HTTP/1.1" 200 3342
[2025-12-07 04:00:57,225] INFO django.utils.autoreload: C:\Users\marac\Desktop\Django\Proiect_Django\magazin_de_bijuterii\admin.py changed, reloading.
[2025-12-07 04:00:59,304] INFO django.utils.autoreload: Watching for file changes with StatReloader
[2025-12-07 04:07:14,373] INFO django.utils.autoreload: C:\Users\marac\Desktop\Django\Proiect_Django\magazin_de_bijuterii\urls.py changed, reloading.
[2025-12-07 04:07:16,402] INFO django.utils.autoreload: Watching for file changes with StatReloader
[2025-12-07 04:07:18,921] INFO django.server: "GET /admin/magazin_de_bijuterii/vizualizare/add/ HTTP/1.1" 200 16997
[2025-12-07 04:07:19,114] INFO django.server: "GET /admin/jsi18n/ HTTP/1.1" 200 3342
[2025-12-07 04:07:35,608] INFO django.server: "GET /magazin_de_bijuterii/ HTTP/1.1" 200 2386
[2025-12-07 04:07:41,375] INFO django.server: "GET /magazin_de_bijuterii/accounts/profil/ HTTP/1.1" 200 2710
[2025-12-07 04:07:49,005] INFO django.server: "GET /magazin_de_bijuterii/accounts/login/ HTTP/1.1" 200 2932
[2025-12-07 04:07:58,459] INFO django: Utilizator logat: MARA1
[2025-12-07 04:07:58,469] INFO django.server: "POST /magazin_de_bijuterii/accounts/login/ HTTP/1.1" 302 0
[2025-12-07 04:07:58,712] INFO django.server: "GET /accounts/profil/ HTTP/1.1" 200 2729
[2025-12-07 04:08:01,960] INFO django.server: "GET /produse/bratara/ HTTP/1.1" 200 7695
[2025-12-07 04:08:03,461] INFO django.server: "GET /produse/1/ HTTP/1.1" 200 2825
[2025-12-07 04:08:06,738] INFO django.server: "GET /produse/8/ HTTP/1.1" 200 2769
[2025-12-07 04:08:09,664] INFO django.server: "GET /produse/7/ HTTP/1.1" 200 2786
[2025-12-07 04:08:12,944] INFO django.server: "GET /produse/6/ HTTP/1.1" 200 2812
[2025-12-07 04:08:16,481] INFO django.server: "GET /produse/2/ HTTP/1.1" 200 2944
[2025-12-07 04:08:20,308] INFO django.server: "GET /produse/bratara/?page=2&sort=a HTTP/1.1" 200 4696
[2025-12-07 04:08:21,829] INFO django.server: "GET /produse/5/ HTTP/1.1" 200 3001
[2025-12-07 04:08:32,717] INFO django.server: "GET /admin/ HTTP/1.1" 302 0
[2025-12-07 04:08:32,868] INFO django.server: "GET /admin/login/?next=/admin/ HTTP/1.1" 200 3725
[2025-12-07 04:08:37,714] INFO django.server: "POST /admin/login/?next=/admin/ HTTP/1.1" 302 0
[2025-12-07 04:08:37,866] INFO django.server: "GET /admin/ HTTP/1.1" 200 13882
[2025-12-07 04:08:39,911] INFO django.server: "GET /admin/magazin_de_bijuterii/vizualizare/ HTTP/1.1" 200 13092
[2025-12-07 04:08:40,070] INFO django.server: "GET /admin/jsi18n/ HTTP/1.1" 200 3342
[2025-12-07 04:11:50,059] INFO django.utils.autoreload: C:\Users\marac\Desktop\Django\Proiect_Django\magazin_de_bijuterii\urls.py changed, reloading.
[2025-12-07 04:11:52,375] INFO django.utils.autoreload: Watching for file changes with StatReloader
[2025-12-07 04:11:55,836] INFO django.server: "GET /admin/magazin_de_bijuterii/vizualizare/ HTTP/1.1" 200 13092
[2025-12-07 04:11:55,991] INFO django.server: "GET /admin/jsi18n/ HTTP/1.1" 200 3342
[2025-12-07 04:11:58,606] INFO django.server: "GET /admin/magazin_de_bijuterii/vizualizare/ HTTP/1.1" 200 13092
[2025-12-07 04:11:58,872] INFO django.server: "GET /admin/jsi18n/ HTTP/1.1" 200 3342
[2025-12-07 04:12:04,049] INFO django.server: "GET /admin/ HTTP/1.1" 200 13882
[2025-12-07 04:12:13,141] INFO django.server: "GET /magazin_de_bijuterii/ HTTP/1.1" 200 2386
[2025-12-07 04:12:17,712] INFO django.server: "GET /magazin_de_bijuterii/accounts/login/ HTTP/1.1" 200 2932
[2025-12-07 04:12:28,726] INFO django: Utilizator logat: MARA1
[2025-12-07 04:12:28,734] INFO django.server: "POST /magazin_de_bijuterii/accounts/login/ HTTP/1.1" 302 0
[2025-12-07 04:12:28,866] INFO django.server: "GET /accounts/profil/ HTTP/1.1" 200 2729
[2025-12-07 04:12:32,557] ERROR django.request: Internal Server Error: /produse/bratara/
Traceback (most recent call last):
  File "C:\Users\marac\AppData\Roaming\Python\Python314\site-packages\django\core\handlers\exception.py", line 55, in inner
    response = get_response(request)
  File "C:\Users\marac\AppData\Roaming\Python\Python314\site-packages\django\core\handlers\base.py", line 197, in _get_response
    response = wrapped_callback(request, *callback_args, **callback_kwargs)
  File "C:\Users\marac\Desktop\Django\Proiect_Django\magazin_de_bijuterii\views.py", line 338, in produse_categorie
    return render(request, 'magazin_de_bijuterii/produse.html', {
        'page_obj': page_obj,
    ...<4 lines>...
        'mesaj_paginare': mesaj_paginare,
    })
  File "C:\Users\marac\AppData\Roaming\Python\Python314\site-packages\django\shortcuts.py", line 25, in render
    content = loader.render_to_string(template_name, context, request, using=using)
  File "C:\Users\marac\AppData\Roaming\Python\Python314\site-packages\django\template\loader.py", line 62, in render_to_string
    return template.render(context, request)
           ~~~~~~~~~~~~~~~^^^^^^^^^^^^^^^^^^
  File "C:\Users\marac\AppData\Roaming\Python\Python314\site-packages\django\template\backends\django.py", line 107, in render
    return self.template.render(context)
           ~~~~~~~~~~~~~~~~~~~~^^^^^^^^^
  File "C:\Users\marac\AppData\Roaming\Python\Python314\site-packages\django\template\base.py", line 171, in render
    return self._render(context)
           ~~~~~~~~~~~~^^^^^^^^^
  File "C:\Users\marac\AppData\Roaming\Python\Python314\site-packages\django\template\base.py", line 163, in _render
    return self.nodelist.render(context)
           ~~~~~~~~~~~~~~~~~~~~^^^^^^^^^
  File "C:\Users\marac\AppData\Roaming\Python\Python314\site-packages\django\template\base.py", line 1016, in render
    return SafeString("".join([node.render_annotated(context) for node in self]))
                               ~~~~~~~~~~~~~~~~~~~~~^^^^^^^^^
  File "C:\Users\marac\AppData\Roaming\Python\Python314\site-packages\django\template\base.py", line 977, in render_annotated
    return self.render(context)
           ~~~~~~~~~~~^^^^^^^^^
  File "C:\Users\marac\AppData\Roaming\Python\Python314\site-packages\django\template\loader_tags.py", line 159, in render
    return compiled_parent._render(context)
           ~~~~~~~~~~~~~~~~~~~~~~~^^^^^^^^^
  File "C:\Users\marac\AppData\Roaming\Python\Python314\site-packages\django\template\base.py", line 163, in _render
    return self.nodelist.render(context)
           ~~~~~~~~~~~~~~~~~~~~^^^^^^^^^
  File "C:\Users\marac\AppData\Roaming\Python\Python314\site-packages\django\template\base.py", line 1016, in render
    return SafeString("".join([node.render_annotated(context) for node in self]))
                               ~~~~~~~~~~~~~~~~~~~~~^^^^^^^^^
  File "C:\Users\marac\AppData\Roaming\Python\Python314\site-packages\django\template\base.py", line 977, in render_annotated
    return self.render(context)
           ~~~~~~~~~~~^^^^^^^^^
  File "C:\Users\marac\AppData\Roaming\Python\Python314\site-packages\django\template\loader_tags.py", line 65, in render
    result = block.nodelist.render(context)
  File "C:\Users\marac\AppData\Roaming\Python\Python314\site-packages\django\template\base.py", line 1016, in render
    return SafeString("".join([node.render_annotated(context) for node in self]))
                               ~~~~~~~~~~~~~~~~~~~~~^^^^^^^^^
  File "C:\Users\marac\AppData\Roaming\Python\Python314\site-packages\django\template\base.py", line 977, in render_annotated
    return self.render(context)
           ~~~~~~~~~~~^^^^^^^^^
  File "C:\Users\marac\AppData\Roaming\Python\Python314\site-packages\django\template\defaulttags.py", line 327, in render
    return nodelist.render(context)
           ~~~~~~~~~~~~~~~^^^^^^^^^
  File "C:\Users\marac\AppData\Roaming\Python\Python314\site-packages\django\template\base.py", line 1016, in render
    return SafeString("".join([node.render_annotated(context) for node in self]))
                               ~~~~~~~~~~~~~~~~~~~~~^^^^^^^^^
  File "C:\Users\marac\AppData\Roaming\Python\Python314\site-packages\django\template\base.py", line 977, in render_annotated
    return self.render(context)
           ~~~~~~~~~~~^^^^^^^^^
  File "C:\Users\marac\AppData\Roaming\Python\Python314\site-packages\django\template\defaulttags.py", line 243, in render
    nodelist.append(node.render_annotated(context))
                    ~~~~~~~~~~~~~~~~~~~~~^^^^^^^^^
  File "C:\Users\marac\AppData\Roaming\Python\Python314\site-packages\django\template\base.py", line 977, in render_annotated
    return self.render(context)
           ~~~~~~~~~~~^^^^^^^^^
  File "C:\Users\marac\AppData\Roaming\Python\Python314\site-packages\django\template\defaulttags.py", line 480, in render
    url = reverse(view_name, args=args, kwargs=kwargs, current_app=current_app)
  File "C:\Users\marac\AppData\Roaming\Python\Python314\site-packages\django\urls\base.py", line 98, in reverse
    resolved_url = resolver._reverse_with_prefix(view, prefix, *args, **kwargs)
  File "C:\Users\marac\AppData\Roaming\Python\Python314\site-packages\django\urls\resolvers.py", line 831, in _reverse_with_prefix
    raise NoReverseMatch(msg)
django.urls.exceptions.NoReverseMatch: Reverse for 'produs_detaliu' not found. 'produs_detaliu' is not a valid view function or pattern name.
[2025-12-07 04:12:32,567] ERROR django.server: "GET /produse/bratara/ HTTP/1.1" 500 187711
[2025-12-07 04:14:01,886] ERROR django.request: Internal Server Error: /produse/bratara/
Traceback (most recent call last):
  File "C:\Users\marac\AppData\Roaming\Python\Python314\site-packages\django\core\handlers\exception.py", line 55, in inner
    response = get_response(request)
  File "C:\Users\marac\AppData\Roaming\Python\Python314\site-packages\django\core\handlers\base.py", line 197, in _get_response
    response = wrapped_callback(request, *callback_args, **callback_kwargs)
  File "C:\Users\marac\Desktop\Django\Proiect_Django\magazin_de_bijuterii\views.py", line 338, in produse_categorie
    return render(request, 'magazin_de_bijuterii/produse.html', {
        'page_obj': page_obj,
    ...<4 lines>...
        'mesaj_paginare': mesaj_paginare,
    })
  File "C:\Users\marac\AppData\Roaming\Python\Python314\site-packages\django\shortcuts.py", line 25, in render
    content = loader.render_to_string(template_name, context, request, using=using)
  File "C:\Users\marac\AppData\Roaming\Python\Python314\site-packages\django\template\loader.py", line 62, in render_to_string
    return template.render(context, request)
           ~~~~~~~~~~~~~~~^^^^^^^^^^^^^^^^^^
  File "C:\Users\marac\AppData\Roaming\Python\Python314\site-packages\django\template\backends\django.py", line 107, in render
    return self.template.render(context)
           ~~~~~~~~~~~~~~~~~~~~^^^^^^^^^
  File "C:\Users\marac\AppData\Roaming\Python\Python314\site-packages\django\template\base.py", line 171, in render
    return self._render(context)
           ~~~~~~~~~~~~^^^^^^^^^
  File "C:\Users\marac\AppData\Roaming\Python\Python314\site-packages\django\template\base.py", line 163, in _render
    return self.nodelist.render(context)
           ~~~~~~~~~~~~~~~~~~~~^^^^^^^^^
  File "C:\Users\marac\AppData\Roaming\Python\Python314\site-packages\django\template\base.py", line 1016, in render
    return SafeString("".join([node.render_annotated(context) for node in self]))
                               ~~~~~~~~~~~~~~~~~~~~~^^^^^^^^^
  File "C:\Users\marac\AppData\Roaming\Python\Python314\site-packages\django\template\base.py", line 977, in render_annotated
    return self.render(context)
           ~~~~~~~~~~~^^^^^^^^^
  File "C:\Users\marac\AppData\Roaming\Python\Python314\site-packages\django\template\loader_tags.py", line 159, in render
    return compiled_parent._render(context)
           ~~~~~~~~~~~~~~~~~~~~~~~^^^^^^^^^
  File "C:\Users\marac\AppData\Roaming\Python\Python314\site-packages\django\template\base.py", line 163, in _render
    return self.nodelist.render(context)
           ~~~~~~~~~~~~~~~~~~~~^^^^^^^^^
  File "C:\Users\marac\AppData\Roaming\Python\Python314\site-packages\django\template\base.py", line 1016, in render
    return SafeString("".join([node.render_annotated(context) for node in self]))
                               ~~~~~~~~~~~~~~~~~~~~~^^^^^^^^^
  File "C:\Users\marac\AppData\Roaming\Python\Python314\site-packages\django\template\base.py", line 977, in render_annotated
    return self.render(context)
           ~~~~~~~~~~~^^^^^^^^^
  File "C:\Users\marac\AppData\Roaming\Python\Python314\site-packages\django\template\loader_tags.py", line 65, in render
    result = block.nodelist.render(context)
  File "C:\Users\marac\AppData\Roaming\Python\Python314\site-packages\django\template\base.py", line 1016, in render
    return SafeString("".join([node.render_annotated(context) for node in self]))
                               ~~~~~~~~~~~~~~~~~~~~~^^^^^^^^^
  File "C:\Users\marac\AppData\Roaming\Python\Python314\site-packages\django\template\base.py", line 977, in render_annotated
    return self.render(context)
           ~~~~~~~~~~~^^^^^^^^^
  File "C:\Users\marac\AppData\Roaming\Python\Python314\site-packages\django\template\defaulttags.py", line 327, in render
    return nodelist.render(context)
           ~~~~~~~~~~~~~~~^^^^^^^^^
  File "C:\Users\marac\AppData\Roaming\Python\Python314\site-packages\django\template\base.py", line 1016, in render
    return SafeString("".join([node.render_annotated(context) for node in self]))
                               ~~~~~~~~~~~~~~~~~~~~~^^^^^^^^^
  File "C:\Users\marac\AppData\Roaming\Python\Python314\site-packages\django\template\base.py", line 977, in render_annotated
    return self.render(context)
           ~~~~~~~~~~~^^^^^^^^^
  File "C:\Users\marac\AppData\Roaming\Python\Python314\site-packages\django\template\defaulttags.py", line 243, in render
    nodelist.append(node.render_annotated(context))
                    ~~~~~~~~~~~~~~~~~~~~~^^^^^^^^^
  File "C:\Users\marac\AppData\Roaming\Python\Python314\site-packages\django\template\base.py", line 977, in render_annotated
    return self.render(context)
           ~~~~~~~~~~~^^^^^^^^^
  File "C:\Users\marac\AppData\Roaming\Python\Python314\site-packages\django\template\defaulttags.py", line 480, in render
    url = reverse(view_name, args=args, kwargs=kwargs, current_app=current_app)
  File "C:\Users\marac\AppData\Roaming\Python\Python314\site-packages\django\urls\base.py", line 98, in reverse
    resolved_url = resolver._reverse_with_prefix(view, prefix, *args, **kwargs)
  File "C:\Users\marac\AppData\Roaming\Python\Python314\site-packages\django\urls\resolvers.py", line 831, in _reverse_with_prefix
    raise NoReverseMatch(msg)
django.urls.exceptions.NoReverseMatch: Reverse for 'detalii_produs_view' not found. 'detalii_produs_view' is not a valid view function or pattern name.
[2025-12-07 04:14:01,894] ERROR django.server: "GET /produse/bratara/ HTTP/1.1" 500 187968
[2025-12-07 04:14:33,722] INFO django.server: "GET /produse/bratara/ HTTP/1.1" 200 7690
[2025-12-07 04:14:36,303] INFO django.server: "GET /produs/8/ HTTP/1.1" 200 2769
[2025-12-07 04:14:39,659] INFO django.server: "GET /produs/1/ HTTP/1.1" 200 2825
[2025-12-07 04:14:42,060] INFO django.server: "GET /produs/7/ HTTP/1.1" 200 2786
[2025-12-07 04:14:45,078] INFO django.server: "GET /produs/6/ HTTP/1.1" 200 2812
[2025-12-07 04:14:49,284] INFO django.server: "GET /produs/2/ HTTP/1.1" 200 2944
[2025-12-07 04:14:56,573] INFO django.server: "GET /admin/ HTTP/1.1" 302 0
[2025-12-07 04:14:56,741] INFO django.server: "GET /admin/login/?next=/admin/ HTTP/1.1" 200 3725
[2025-12-07 04:15:04,273] INFO django.server: "POST /admin/login/?next=/admin/ HTTP/1.1" 302 0
[2025-12-07 04:15:04,426] INFO django.server: "GET /admin/ HTTP/1.1" 200 13882
[2025-12-07 04:15:05,908] INFO django.server: "GET /admin/magazin_de_bijuterii/vizualizare/ HTTP/1.1" 200 16773
[2025-12-07 04:15:06,059] INFO django.server: "GET /admin/jsi18n/ HTTP/1.1" 200 3342
[2025-12-07 04:16:41,136] INFO django.server: "GET /admin/magazin_de_bijuterii/promotie/ HTTP/1.1" 200 13968
[2025-12-07 04:16:41,300] INFO django.server: "GET /admin/jsi18n/ HTTP/1.1" 200 3342
[2025-12-07 04:16:45,679] INFO django.server: "GET /admin/magazin_de_bijuterii/promotie/3/change/ HTTP/1.1" 200 18678
[2025-12-07 04:16:45,819] INFO django.server: "GET /admin/jsi18n/ HTTP/1.1" 200 3342
[2025-12-07 13:55:55,490] INFO django.server: "GET /accounts/profil/ HTTP/1.1" 200 2710
[2025-12-07 14:46:58,275] INFO django.server: "GET /admin/magazin_de_bijuterii/categorie/ HTTP/1.1" 200 14545
[2025-12-07 14:46:58,434] INFO django.server: "GET /admin/jsi18n/ HTTP/1.1" 200 3342
[2025-12-07 19:06:53,016] INFO django.utils.autoreload: C:\Users\marac\Desktop\Django\Proiect_Django\magazin_de_bijuterii\urls.py changed, reloading.
[2025-12-07 19:07:03,468] INFO django.utils.autoreload: Watching for file changes with StatReloader
[2025-12-07 19:07:08,078] INFO django.utils.autoreload: C:\Users\marac\Desktop\Django\Proiect_Django\magazin_de_bijuterii\urls.py changed, reloading.
[2025-12-07 19:07:11,799] INFO django.utils.autoreload: Watching for file changes with StatReloader
[2025-12-07 19:08:04,463] INFO django.utils.autoreload: C:\Users\marac\Desktop\Django\Proiect_Django\Proiect_Django\settings.py changed, reloading.
[2025-12-07 19:08:04,499] INFO django.utils.autoreload: C:\Users\marac\Desktop\Django\Proiect_Django\Proiect_Django\settings.py changed, reloading.
[2025-12-07 19:08:07,765] INFO django.utils.autoreload: Watching for file changes with StatReloader
[2025-12-07 19:08:07,952] INFO django.utils.autoreload: Watching for file changes with StatReloader
[2025-12-07 19:12:56,560] INFO django.server: "GET /admin/magazin_de_bijuterii/categorie/ HTTP/1.1" 200 14545
[2025-12-07 19:12:56,740] INFO django.server: "GET /admin/jsi18n/ HTTP/1.1" 200 3342
[2025-12-07 19:13:00,618] INFO django.server: "GET /admin/ HTTP/1.1" 200 13882
[2025-12-07 19:13:01,907] INFO django.server: "GET /magazin_de_bijuterii/ HTTP/1.1" 200 2386
[2025-12-07 19:13:12,704] INFO django.server: "GET /magazin_de_bijuterii/accounts/login/ HTTP/1.1" 200 2932
[2025-12-07 19:13:14,321] INFO django.server: "GET /magazin_de_bijuterii/accounts/profil/ HTTP/1.1" 200 2710
[2025-12-07 19:13:23,306] INFO django.server: "GET /magazin_de_bijuterii/accounts/login/ HTTP/1.1" 200 2932
[2025-12-07 19:13:33,562] INFO django: Utilizator logat: MARA1
[2025-12-07 19:13:33,571] INFO django.server: "POST /magazin_de_bijuterii/accounts/login/ HTTP/1.1" 302 0
[2025-12-07 19:13:33,644] INFO django.server: "GET /accounts/profil/ HTTP/1.1" 200 2729
[2025-12-07 19:13:46,193] WARNING django.request: Not Found: /accounts/adauga_produs
[2025-12-07 19:13:46,195] WARNING django.server: "GET /accounts/adauga_produs HTTP/1.1" 404 8774
[2025-12-07 19:15:31,342] INFO django.server: "GET / HTTP/1.1" 200 2386
[2025-12-07 19:15:37,196] INFO django.server: "GET /magazin_de_bijuterii/ HTTP/1.1" 200 2386
[2025-12-07 19:15:41,564] INFO django.server: "GET /magazin_de_bijuterii/inregistrare/ HTTP/1.1" 200 4925
[2025-12-07 19:15:44,421] INFO django.server: "GET /magazin_de_bijuterii/interzis HTTP/1.1" 301 0
[2025-12-07 19:15:44,504] WARNING django: Acces interzis pagina 403, numar accesari: 1
[2025-12-07 19:15:44,525] WARNING django.request: Forbidden: /magazin_de_bijuterii/interzis/
[2025-12-07 19:15:44,526] WARNING django.server: "GET /magazin_de_bijuterii/interzis/ HTTP/1.1" 403 728
[2025-12-07 19:17:36,705] INFO django.server: "GET /admin/ HTTP/1.1" 302 0
[2025-12-07 19:17:36,832] INFO django.server: "GET /admin/login/?next=/admin/ HTTP/1.1" 200 3725
[2025-12-07 19:17:43,349] INFO django.server: "POST /admin/login/?next=/admin/ HTTP/1.1" 302 0
[2025-12-07 19:17:43,434] INFO django.server: "GET /admin/ HTTP/1.1" 200 13882
[2025-12-07 19:17:46,009] INFO django.server: "GET /admin/auth/group/add/ HTTP/1.1" 200 18424
[2025-12-07 19:17:46,140] INFO django.server: "GET /admin/jsi18n/ HTTP/1.1" 200 3342
[2025-12-07 19:18:43,886] INFO django.server: "POST /admin/auth/group/add/ HTTP/1.1" 302 0
[2025-12-07 19:18:43,981] INFO django.server: "GET /admin/auth/group/ HTTP/1.1" 200 13298
[2025-12-07 19:18:44,097] INFO django.server: "GET /admin/jsi18n/ HTTP/1.1" 200 3342
[2025-12-07 19:19:01,922] INFO django.server: "GET /admin/magazin_de_bijuterii/customuser/ HTTP/1.1" 200 17752
[2025-12-07 19:19:02,029] INFO django.server: "GET /admin/jsi18n/ HTTP/1.1" 200 3342
[2025-12-07 19:19:05,539] INFO django.server: "GET /admin/magazin_de_bijuterii/customuser/6/change/ HTTP/1.1" 200 32062
[2025-12-07 19:19:05,653] INFO django.server: "GET /admin/jsi18n/ HTTP/1.1" 200 3342
[2025-12-07 19:20:08,610] INFO django.server: "GET /admin/auth/group/add/ HTTP/1.1" 200 18424
[2025-12-07 19:20:08,727] INFO django.server: "GET /admin/jsi18n/ HTTP/1.1" 200 3342
[2025-12-07 19:20:23,926] INFO django.server: "POST /admin/auth/group/add/ HTTP/1.1" 302 0
[2025-12-07 19:20:24,024] INFO django.server: "GET /admin/auth/group/ HTTP/1.1" 200 13580
[2025-12-07 19:20:24,133] INFO django.server: "GET /admin/jsi18n/ HTTP/1.1" 200 3342
[2025-12-07 19:23:13,521] INFO django.utils.autoreload: C:\Users\marac\Desktop\Django\Proiect_Django\magazin_de_bijuterii\views.py changed, reloading.
[2025-12-07 19:23:13,814] INFO django.utils.autoreload: C:\Users\marac\Desktop\Django\Proiect_Django\magazin_de_bijuterii\views.py changed, reloading.
[2025-12-07 19:23:15,465] INFO django.utils.autoreload: Watching for file changes with StatReloader
[2025-12-07 19:23:15,614] INFO django.utils.autoreload: Watching for file changes with StatReloader
[2025-12-07 19:27:16,710] INFO django.utils.autoreload: C:\Users\marac\Desktop\Django\Proiect_Django\magazin_de_bijuterii\views.py changed, reloading.
[2025-12-07 19:27:16,714] INFO django.utils.autoreload: C:\Users\marac\Desktop\Django\Proiect_Django\magazin_de_bijuterii\views.py changed, reloading.
[2025-12-07 19:27:18,554] INFO django.utils.autoreload: Watching for file changes with StatReloader
[2025-12-07 19:27:18,556] INFO django.utils.autoreload: Watching for file changes with StatReloader
[2025-12-07 19:27:20,218] INFO django.utils.autoreload: C:\Users\marac\Desktop\Django\Proiect_Django\magazin_de_bijuterii\views.py changed, reloading.
[2025-12-07 19:27:20,229] INFO django.utils.autoreload: C:\Users\marac\Desktop\Django\Proiect_Django\magazin_de_bijuterii\views.py changed, reloading.
[2025-12-07 19:27:21,996] INFO django.utils.autoreload: Watching for file changes with StatReloader
[2025-12-07 19:27:22,012] INFO django.utils.autoreload: Watching for file changes with StatReloader
[2025-12-07 19:27:29,965] INFO django.utils.autoreload: C:\Users\marac\Desktop\Django\Proiect_Django\magazin_de_bijuterii\views.py changed, reloading.
[2025-12-07 19:27:29,979] INFO django.utils.autoreload: C:\Users\marac\Desktop\Django\Proiect_Django\magazin_de_bijuterii\views.py changed, reloading.
[2025-12-07 19:27:31,768] INFO django.utils.autoreload: Watching for file changes with StatReloader
[2025-12-07 19:27:31,781] INFO django.utils.autoreload: Watching for file changes with StatReloader
[2025-12-07 19:27:43,476] INFO django.utils.autoreload: C:\Users\marac\Desktop\Django\Proiect_Django\magazin_de_bijuterii\views.py changed, reloading.
[2025-12-07 19:27:43,687] INFO django.utils.autoreload: C:\Users\marac\Desktop\Django\Proiect_Django\magazin_de_bijuterii\views.py changed, reloading.
[2025-12-07 19:27:45,332] INFO django.utils.autoreload: Watching for file changes with StatReloader
[2025-12-07 19:27:45,501] INFO django.utils.autoreload: Watching for file changes with StatReloader
[2025-12-07 19:27:47,026] INFO django.utils.autoreload: C:\Users\marac\Desktop\Django\Proiect_Django\magazin_de_bijuterii\views.py changed, reloading.
[2025-12-07 19:27:47,169] INFO django.utils.autoreload: C:\Users\marac\Desktop\Django\Proiect_Django\magazin_de_bijuterii\views.py changed, reloading.
[2025-12-07 19:27:48,846] INFO django.utils.autoreload: Watching for file changes with StatReloader
[2025-12-07 19:27:48,927] INFO django.utils.autoreload: Watching for file changes with StatReloader
[2025-12-07 19:27:56,850] INFO django.utils.autoreload: C:\Users\marac\Desktop\Django\Proiect_Django\magazin_de_bijuterii\views.py changed, reloading.
[2025-12-07 19:27:56,850] INFO django.utils.autoreload: C:\Users\marac\Desktop\Django\Proiect_Django\magazin_de_bijuterii\views.py changed, reloading.
[2025-12-07 19:27:58,620] INFO django.utils.autoreload: Watching for file changes with StatReloader
[2025-12-07 19:27:58,629] INFO django.utils.autoreload: Watching for file changes with StatReloader
[2025-12-07 19:28:02,530] INFO django.utils.autoreload: C:\Users\marac\Desktop\Django\Proiect_Django\magazin_de_bijuterii\views.py changed, reloading.
[2025-12-07 19:28:02,538] INFO django.utils.autoreload: C:\Users\marac\Desktop\Django\Proiect_Django\magazin_de_bijuterii\views.py changed, reloading.
[2025-12-07 19:28:04,398] INFO django.utils.autoreload: Watching for file changes with StatReloader
[2025-12-07 19:28:04,410] INFO django.utils.autoreload: Watching for file changes with StatReloader
[2025-12-07 19:28:09,308] INFO django.utils.autoreload: C:\Users\marac\Desktop\Django\Proiect_Django\magazin_de_bijuterii\views.py changed, reloading.
[2025-12-07 19:28:09,315] INFO django.utils.autoreload: C:\Users\marac\Desktop\Django\Proiect_Django\magazin_de_bijuterii\views.py changed, reloading.
[2025-12-07 19:28:11,108] INFO django.utils.autoreload: Watching for file changes with StatReloader
[2025-12-07 19:28:11,109] INFO django.utils.autoreload: Watching for file changes with StatReloader
[2025-12-07 19:28:13,992] INFO django.utils.autoreload: C:\Users\marac\Desktop\Django\Proiect_Django\magazin_de_bijuterii\views.py changed, reloading.
[2025-12-07 19:28:14,019] INFO django.utils.autoreload: C:\Users\marac\Desktop\Django\Proiect_Django\magazin_de_bijuterii\views.py changed, reloading.
[2025-12-07 19:28:15,886] INFO django.utils.autoreload: Watching for file changes with StatReloader
[2025-12-07 19:28:15,889] INFO django.utils.autoreload: Watching for file changes with StatReloader
[2025-12-07 19:28:54,000] INFO django.utils.autoreload: C:\Users\marac\Desktop\Django\Proiect_Django\magazin_de_bijuterii\views.py changed, reloading.
[2025-12-07 19:28:54,003] INFO django.utils.autoreload: C:\Users\marac\Desktop\Django\Proiect_Django\magazin_de_bijuterii\views.py changed, reloading.
[2025-12-07 19:28:55,862] INFO django.utils.autoreload: Watching for file changes with StatReloader
[2025-12-07 19:28:55,869] INFO django.utils.autoreload: Watching for file changes with StatReloader
[2025-12-07 19:29:39,086] INFO django.server: "GET /admin/auth/group/ HTTP/1.1" 200 13373
[2025-12-07 19:29:39,191] INFO django.server: "GET /admin/jsi18n/ HTTP/1.1" 200 3342
[2025-12-07 19:29:43,660] INFO django.server: "GET /admin/ HTTP/1.1" 200 14591
[2025-12-07 19:29:44,944] INFO django.server: "GET /magazin_de_bijuterii/ HTTP/1.1" 200 2386
[2025-12-07 19:29:51,995] INFO django.server: "GET /magazin_de_bijuterii/adauga_produs/ HTTP/1.1" 200 4692
[2025-12-08 21:07:41,935] INFO django.utils.autoreload: Watching for file changes with StatReloader
[2025-12-08 21:07:47,978] INFO django.server: "GET /magazin_de_bijuterii/adauga_produs/ HTTP/1.1" 200 4692
[2025-12-08 21:07:48,116] INFO django.server: "GET /static/magazin_de_bijuterii/css/stil.css HTTP/1.1" 200 2900
[2025-12-08 21:07:48,280] WARNING django.request: Not Found: /favicon.ico
[2025-12-08 21:07:48,283] WARNING django.server: "GET /favicon.ico HTTP/1.1" 404 8741
[2025-12-08 21:07:55,638] WARNING django.request: Forbidden: /magazin_de_bijuterii/log/
[2025-12-08 21:07:55,639] WARNING django.server: "GET /magazin_de_bijuterii/log/ HTTP/1.1" 403 702
[2025-12-08 21:10:36,515] INFO django.server: "GET /magazin_de_bijuterii/accounts/login HTTP/1.1" 301 0
[2025-12-08 21:10:36,633] INFO django.server: "GET /magazin_de_bijuterii/accounts/login/ HTTP/1.1" 200 2932
[2025-12-08 21:10:40,442] INFO django.server: "GET /magazin_de_bijuterii/accounts/profil/ HTTP/1.1" 200 2710
[2025-12-08 21:10:46,696] INFO django.server: "GET /admin/magazin_de_bijuterii/customuser/ HTTP/1.1" 200 17828
[2025-12-08 21:10:46,734] INFO django.server: "GET /static/admin/css/dark_mode.css HTTP/1.1" 200 2808
[2025-12-08 21:10:46,736] INFO django.server: "GET /static/admin/css/base.css HTTP/1.1" 200 22120
[2025-12-08 21:10:46,743] INFO django.server: "GET /static/admin/css/nav_sidebar.css HTTP/1.1" 200 2810
[2025-12-08 21:10:46,747] INFO django.server: "GET /static/admin/css/responsive.css HTTP/1.1" 200 16565
[2025-12-08 21:10:46,770] INFO django.server: "GET /static/admin/css/changelists.css HTTP/1.1" 200 6878
[2025-12-08 21:10:46,776] INFO django.server: "GET /static/admin/js/jquery.init.js HTTP/1.1" 200 347
[2025-12-08 21:10:46,778] INFO django.server: "GET /static/admin/js/theme.js HTTP/1.1" 200 1653
[2025-12-08 21:10:46,806] INFO django.server: "GET /static/admin/js/urlify.js HTTP/1.1" 200 7887
[2025-12-08 21:10:46,815] INFO django.server: "GET /static/admin/js/admin/RelatedObjectLookups.js HTTP/1.1" 200 9777
[2025-12-08 21:10:46,824] INFO django.server: "GET /static/admin/js/core.js HTTP/1.1" 200 6208
[2025-12-08 21:10:46,842] INFO django.server: "GET /static/admin/img/search.svg HTTP/1.1" 200 458
[2025-12-08 21:10:46,853] INFO django.server: "GET /admin/jsi18n/ HTTP/1.1" 200 3342
[2025-12-08 21:10:46,858] INFO django.server: "GET /static/admin/js/vendor/jquery/jquery.js HTTP/1.1" 200 285314
[2025-12-08 21:10:46,859] INFO django.server: "GET /static/admin/js/prepopulate.js HTTP/1.1" 200 1531
[2025-12-08 21:10:46,860] INFO django.server: "GET /static/admin/img/icon-yes.svg HTTP/1.1" 200 436
[2025-12-08 21:10:46,861] INFO django.server: "GET /static/admin/js/actions.js HTTP/1.1" 200 8076
[2025-12-08 21:10:46,870] INFO django.server: "GET /static/admin/img/icon-no.svg HTTP/1.1" 200 560
[2025-12-08 21:10:46,889] INFO django.server: "GET /static/admin/js/nav_sidebar.js HTTP/1.1" 200 3063
[2025-12-08 21:10:46,905] INFO django.server: "GET /static/admin/js/vendor/xregexp/xregexp.js HTTP/1.1" 200 325171
[2025-12-08 21:10:46,906] INFO django.server: "GET /static/admin/js/filters.js HTTP/1.1" 200 978
[2025-12-08 21:10:46,947] INFO django.server: "GET /static/admin/img/icon-addlink.svg HTTP/1.1" 200 331
[2025-12-08 21:10:46,948] INFO django.server: "GET /static/admin/img/icon-viewlink.svg HTTP/1.1" 200 581
[2025-12-08 21:10:46,948] INFO django.server: "GET /static/admin/img/tooltag-add.svg HTTP/1.1" 200 331
[2025-12-08 21:10:46,948] INFO django.server: "GET /static/admin/img/sorting-icons.svg HTTP/1.1" 200 1097
[2025-12-08 21:10:51,644] INFO django.server: "GET /admin/ HTTP/1.1" 200 14591
[2025-12-08 21:10:51,673] INFO django.server: "GET /static/admin/css/dashboard.css HTTP/1.1" 200 441
[2025-12-08 21:10:51,702] INFO django.server: "GET /static/admin/img/icon-changelink.svg HTTP/1.1" 200 380
[2025-12-08 21:10:54,186] INFO django.server: "GET /admin/auth/group/ HTTP/1.1" 200 13373
[2025-12-08 21:10:54,312] INFO django.server: "GET /admin/jsi18n/ HTTP/1.1" 200 3342
[2025-12-08 21:10:56,712] INFO django.server: "GET /admin/auth/group/2/change/ HTTP/1.1" 200 19232
[2025-12-08 21:10:56,756] INFO django.server: "GET /static/admin/css/forms.css HTTP/1.1" 200 8525
[2025-12-08 21:10:56,782] INFO django.server: "GET /static/admin/js/prepopulate_init.js HTTP/1.1" 200 586
[2025-12-08 21:10:56,795] INFO django.server: "GET /static/admin/js/SelectFilter2.js HTTP/1.1" 200 15845
[2025-12-08 21:10:56,798] INFO django.server: "GET /static/admin/js/SelectBox.js HTTP/1.1" 200 4530
[2025-12-08 21:10:56,800] INFO django.server: "GET /static/admin/css/widgets.css HTTP/1.1" 200 11973
[2025-12-08 21:10:56,816] INFO django.server: "GET /static/admin/js/change_form.js HTTP/1.1" 200 606
[2025-12-08 21:10:56,838] INFO django.server: "GET /admin/jsi18n/ HTTP/1.1" 200 3342
[2025-12-08 21:10:56,886] INFO django.server: "GET /static/admin/img/selector-icons.svg HTTP/1.1" 200 3291
[2025-12-08 21:11:00,865] INFO django.server: "GET /admin/magazin_de_bijuterii/customuser/ HTTP/1.1" 200 17828
[2025-12-08 21:11:00,939] INFO django.server: "GET /admin/jsi18n/ HTTP/1.1" 200 3342
[2025-12-08 21:11:05,195] INFO django.server: "GET /admin/magazin_de_bijuterii/customuser/2/change/ HTTP/1.1" 200 32089
[2025-12-08 21:11:05,238] INFO django.server: "GET /static/admin/js/calendar.js HTTP/1.1" 200 9141
[2025-12-08 21:11:05,239] INFO django.server: "GET /static/admin/js/admin/DateTimeShortcuts.js HTTP/1.1" 200 19319
[2025-12-08 21:11:05,287] INFO django.server: "GET /admin/jsi18n/ HTTP/1.1" 200 3342
[2025-12-08 21:11:05,347] INFO django.server: "GET /static/admin/img/icon-clock.svg HTTP/1.1" 200 677
[2025-12-08 21:11:05,350] INFO django.server: "GET /static/admin/img/icon-calendar.svg HTTP/1.1" 200 1086
[2025-12-08 21:11:26,690] INFO django.server: "GET /admin/magazin_de_bijuterii/customuser/ HTTP/1.1" 200 17828
[2025-12-08 21:11:26,772] INFO django.server: "GET /admin/jsi18n/ HTTP/1.1" 200 3342
[2025-12-08 21:11:28,811] INFO django.server: "GET /admin/magazin_de_bijuterii/customuser/6/change/ HTTP/1.1" 200 32112
[2025-12-08 21:11:28,894] INFO django.server: "GET /admin/jsi18n/ HTTP/1.1" 200 3342
[2025-12-08 21:11:46,362] INFO django.server: "POST /admin/magazin_de_bijuterii/customuser/6/change/ HTTP/1.1" 302 0
[2025-12-08 21:11:46,457] INFO django.server: "GET /admin/magazin_de_bijuterii/customuser/ HTTP/1.1" 200 18043
[2025-12-08 21:11:46,554] INFO django.server: "GET /admin/jsi18n/ HTTP/1.1" 200 3342
[2025-12-08 21:11:49,448] INFO django.server: "GET /admin/magazin_de_bijuterii/customuser/2/change/ HTTP/1.1" 200 32089
[2025-12-08 21:11:49,537] INFO django.server: "GET /admin/jsi18n/ HTTP/1.1" 200 3342
[2025-12-08 21:11:56,603] INFO django.server: "POST /admin/magazin_de_bijuterii/customuser/2/change/ HTTP/1.1" 302 0
[2025-12-08 21:11:56,694] INFO django.server: "GET /admin/magazin_de_bijuterii/customuser/ HTTP/1.1" 200 18042
[2025-12-08 21:11:56,775] INFO django.server: "GET /admin/jsi18n/ HTTP/1.1" 200 3342
[2025-12-08 21:12:01,254] INFO django.server: "GET /magazin_de_bijuterii/accounts/profil/ HTTP/1.1" 200 2710
[2025-12-08 21:12:11,059] INFO django.server: "GET /magazin_de_bijuterii/log/ HTTP/1.1" 200 10041
[2025-12-08 21:15:28,012] INFO django.utils.autoreload: C:\Users\marac\Desktop\Django\Proiect_Django\magazin_de_bijuterii\models.py changed, reloading.
[2025-12-08 21:15:29,703] INFO django.utils.autoreload: Watching for file changes with StatReloader
[2025-12-08 21:15:31,315] INFO django.utils.autoreload: C:\Users\marac\Desktop\Django\Proiect_Django\magazin_de_bijuterii\models.py changed, reloading.
[2025-12-08 21:15:33,043] INFO django.utils.autoreload: Watching for file changes with StatReloader
[2025-12-08 21:54:06,433] INFO django.utils.autoreload: Watching for file changes with StatReloader
[2025-12-08 21:55:40,020] INFO django.utils.autoreload: Watching for file changes with StatReloader
[2025-12-08 21:55:47,680] INFO django.server: "GET /admin/auth/group/add/ HTTP/1.1" 200 18424
[2025-12-08 21:55:47,773] INFO django.server: "GET /admin/jsi18n/ HTTP/1.1" 200 3342
[2025-12-08 22:00:29,901] INFO django.utils.autoreload: Watching for file changes with StatReloader
[2025-12-08 22:00:35,422] INFO django.server: "GET /admin/auth/group/add/ HTTP/1.1" 200 18424
[2025-12-08 22:00:35,509] INFO django.server: "GET /admin/jsi18n/ HTTP/1.1" 200 3342
[2025-12-08 22:01:56,240] INFO django.server: "POST /admin/auth/group/add/ HTTP/1.1" 302 0
[2025-12-08 22:01:56,344] INFO django.server: "GET /admin/auth/group/ HTTP/1.1" 200 13837
[2025-12-08 22:01:56,402] INFO django.server: "GET /admin/jsi18n/ HTTP/1.1" 200 3342
[2025-12-08 22:01:58,473] INFO django.server: "GET /admin/magazin_de_bijuterii/customuser/ HTTP/1.1" 200 18452
[2025-12-08 22:01:58,572] INFO django.server: "GET /admin/jsi18n/ HTTP/1.1" 200 3342
[2025-12-08 22:02:00,321] INFO django.server: "GET /admin/magazin_de_bijuterii/customuser/2/change/ HTTP/1.1" 200 32797
[2025-12-08 22:02:00,404] INFO django.server: "GET /admin/jsi18n/ HTTP/1.1" 200 3342
[2025-12-08 22:02:14,855] INFO django.server: "POST /admin/magazin_de_bijuterii/customuser/2/change/ HTTP/1.1" 302 0
[2025-12-08 22:02:14,952] INFO django.server: "GET /admin/magazin_de_bijuterii/customuser/ HTTP/1.1" 200 18666
[2025-12-08 22:02:15,034] INFO django.server: "GET /admin/jsi18n/ HTTP/1.1" 200 3342
[2025-12-09 23:43:35,838] INFO django.utils.autoreload: Watching for file changes with StatReloader
[2025-12-09 23:43:40,578] INFO django.server: "GET /produse/ HTTP/1.1" 200 7715
[2025-12-09 23:43:49,540] INFO django.server: "GET /magazin_de_bijuterii/ HTTP/1.1" 200 2386
[2025-12-09 23:43:49,729] INFO django.server: "GET /static/magazin_de_bijuterii/imagini/3f900dfae91a171331669626af16fc2f.jpg HTTP/1.1" 200 87544
[2025-12-09 23:43:54,367] INFO django.server: "GET /magazin_de_bijuterii/accounts/login HTTP/1.1" 301 0
[2025-12-09 23:43:54,541] INFO django.server: "GET /magazin_de_bijuterii/accounts/login/ HTTP/1.1" 200 2932
[2025-12-09 23:43:56,387] INFO django.server: "GET /magazin_de_bijuterii/accounts/login/ HTTP/1.1" 200 2932
[2025-12-09 23:43:59,592] INFO django.server: "GET /magazin_de_bijuterii/accounts/profil/ HTTP/1.1" 200 2710
[2025-12-09 23:44:05,674] INFO django.server: "GET /magazin_de_bijuterii/accounts/login/ HTTP/1.1" 200 2932
[2025-12-09 23:44:14,384] INFO django: Utilizator logat: MARA1
[2025-12-09 23:44:14,394] INFO django.server: "POST /magazin_de_bijuterii/accounts/login/ HTTP/1.1" 302 0
[2025-12-09 23:44:14,516] INFO django.server: "GET /accounts/profil/ HTTP/1.1" 200 2729
[2025-12-09 23:44:35,405] INFO django.server: "GET /produse/ HTTP/1.1" 200 7715
[2025-12-09 23:44:37,666] INFO django.server: "GET /produs/9/ HTTP/1.1" 200 2912
[2025-12-09 23:44:37,707] INFO django.server: "GET /static/magazin_de_bijuterii/imagini/083a1c6a461223a2a018185057e895cb.jpg HTTP/1.1" 200 63533
[2025-12-09 23:44:39,211] INFO django.server: "GET /produse/ HTTP/1.1" 200 7715
[2025-12-09 23:44:43,627] INFO django.server: "GET /produse/bratara/ HTTP/1.1" 200 7690
[2025-12-09 23:44:46,572] INFO django.server: "GET /produs/1/ HTTP/1.1" 200 2825
[2025-12-09 23:44:49,796] INFO django.server: "GET /produs/8/ HTTP/1.1" 200 2769
[2025-12-09 23:44:52,979] INFO django.server: "GET /produs/7/ HTTP/1.1" 200 2786
[2025-12-09 23:44:56,207] INFO django.server: "GET /produs/6/ HTTP/1.1" 200 2812
[2025-12-09 23:45:00,134] INFO django.server: "GET /produs/2/ HTTP/1.1" 200 2944
[2025-12-09 23:45:03,858] INFO django.server: "GET /produse/bratara/?page=2&sort=a HTTP/1.1" 200 4695
[2025-12-09 23:45:05,724] INFO django.server: "GET /produs/5/ HTTP/1.1" 200 3001
[2025-12-09 23:45:20,529] WARNING django.request: Not Found: /promotie
[2025-12-09 23:45:20,531] WARNING django.server: "GET /promotie HTTP/1.1" 404 8732
[2025-12-09 23:45:36,989] WARNING django.request: Not Found: /magazin_de_bijuterii/promotie
[2025-12-09 23:45:36,991] WARNING django.server: "GET /magazin_de_bijuterii/promotie HTTP/1.1" 404 15496
[2025-12-09 23:45:43,872] INFO django.server: "GET /magazin_de_bijuterii/promotii/ HTTP/1.1" 200 3721
[2025-12-09 23:45:59,198] ERROR django.request: Internal Server Error: /magazin_de_bijuterii/promotii/
Traceback (most recent call last):
  File "C:\Users\marac\AppData\Roaming\Python\Python314\site-packages\django\core\handlers\exception.py", line 55, in inner
    response = get_response(request)
  File "C:\Users\marac\AppData\Roaming\Python\Python314\site-packages\django\core\handlers\base.py", line 197, in _get_response
    response = wrapped_callback(request, *callback_args, **callback_kwargs)
  File "C:\Users\marac\AppData\Roaming\Python\Python314\site-packages\django\contrib\auth\decorators.py", line 59, in _view_wrapper
    return view_func(request, *args, **kwargs)
  File "C:\Users\marac\Desktop\Django\Proiect_Django\magazin_de_bijuterii\views.py", line 1283, in promotii_view
    with open(template_path, 'r', encoding='utf-8') as f:
         ~~~~^^^^^^^^^^^^^^^^^^^^^^^^^^^^^^^^^^^^^^
FileNotFoundError: [Errno 2] No such file or directory: 'C:\\Users\\marac\\Desktop\\Django\\Proiect_Django\\magazin_de_bijuterii\\templates\\email_templates\\promo_template1.txt'
[2025-12-09 23:45:59,203] ERROR django.server: "POST /magazin_de_bijuterii/promotii/ HTTP/1.1" 500 77734
[2025-12-09 23:47:59,021] INFO django.utils.autoreload: C:\Users\marac\Desktop\Django\Proiect_Django\magazin_de_bijuterii\views.py changed, reloading.
[2025-12-09 23:48:02,339] INFO django.utils.autoreload: Watching for file changes with StatReloader
[2025-12-09 23:48:04,351] INFO django.utils.autoreload: C:\Users\marac\Desktop\Django\Proiect_Django\magazin_de_bijuterii\views.py changed, reloading.
[2025-12-09 23:48:06,350] INFO django.utils.autoreload: Watching for file changes with StatReloader
[2025-12-09 23:48:11,153] ERROR django.request: Internal Server Error: /magazin_de_bijuterii/promotii/
Traceback (most recent call last):
  File "C:\Users\marac\AppData\Roaming\Python\Python314\site-packages\django\core\handlers\exception.py", line 55, in inner
    response = get_response(request)
  File "C:\Users\marac\AppData\Roaming\Python\Python314\site-packages\django\core\handlers\base.py", line 197, in _get_response
    response = wrapped_callback(request, *callback_args, **callback_kwargs)
  File "C:\Users\marac\AppData\Roaming\Python\Python314\site-packages\django\contrib\auth\decorators.py", line 59, in _view_wrapper
    return view_func(request, *args, **kwargs)
  File "C:\Users\marac\Desktop\Django\Proiect_Django\magazin_de_bijuterii\views.py", line 1283, in promotii_view
    with open(template_path, 'r', encoding='utf-8') as f:
         ~~~~^^^^^^^^^^^^^^^^^^^^^^^^^^^^^^^^^^^^^^
FileNotFoundError: [Errno 2] No such file or directory: 'C:\\Users\\marac\\Desktop\\Django\\Proiect_Django\\magazin_de_bijuterii\\templates\\email_templates\\promo_template1.txt'
[2025-12-09 23:48:11,157] ERROR django.server: "POST /magazin_de_bijuterii/promotii/ HTTP/1.1" 500 77734
[2025-12-09 23:48:28,199] INFO django.utils.autoreload: C:\Users\marac\Desktop\Django\Proiect_Django\magazin_de_bijuterii\views.py changed, reloading.
[2025-12-09 23:48:30,419] INFO django.utils.autoreload: Watching for file changes with StatReloader
[2025-12-09 23:48:34,345] ERROR django.request: Internal Server Error: /magazin_de_bijuterii/promotii/
Traceback (most recent call last):
  File "C:\Users\marac\AppData\Roaming\Python\Python314\site-packages\django\core\handlers\exception.py", line 55, in inner
    response = get_response(request)
  File "C:\Users\marac\AppData\Roaming\Python\Python314\site-packages\django\core\handlers\base.py", line 197, in _get_response
    response = wrapped_callback(request, *callback_args, **callback_kwargs)
  File "C:\Users\marac\AppData\Roaming\Python\Python314\site-packages\django\contrib\auth\decorators.py", line 59, in _view_wrapper
    return view_func(request, *args, **kwargs)
  File "C:\Users\marac\Desktop\Django\Proiect_Django\magazin_de_bijuterii\views.py", line 1283, in promotii_view
    with open(template_path, 'r', encoding='utf-8') as f:
         ~~~~^^^^^^^^^^^^^^^^^^^^^^^^^^^^^^^^^^^^^^
FileNotFoundError: [Errno 2] No such file or directory: 'C:\\Users\\marac\\Desktop\\Django\\Proiect_Django\\magazin_de_bijuterii\\templates\\email_templates\\promo_template1.txt'
[2025-12-09 23:48:34,349] ERROR django.server: "POST /magazin_de_bijuterii/promotii/ HTTP/1.1" 500 77734
[2025-12-10 00:28:57,443] INFO django.utils.autoreload: C:\Users\marac\Desktop\Django\Proiect_Django\magazin_de_bijuterii\views.py changed, reloading.
[2025-12-10 00:28:59,723] INFO django.utils.autoreload: Watching for file changes with StatReloader
[2025-12-10 00:29:01,776] ERROR django.request: Internal Server Error: /magazin_de_bijuterii/promotii/
Traceback (most recent call last):
  File "C:\Users\marac\AppData\Roaming\Python\Python314\site-packages\django\core\handlers\exception.py", line 55, in inner
    response = get_response(request)
  File "C:\Users\marac\AppData\Roaming\Python\Python314\site-packages\django\core\handlers\base.py", line 197, in _get_response
    response = wrapped_callback(request, *callback_args, **callback_kwargs)
  File "C:\Users\marac\AppData\Roaming\Python\Python314\site-packages\django\contrib\auth\decorators.py", line 59, in _view_wrapper
    return view_func(request, *args, **kwargs)
  File "C:\Users\marac\Desktop\Django\Proiect_Django\magazin_de_bijuterii\views.py", line 1283, in promotii_view
    with open(template_path, 'r', encoding='utf-8') as f:
         ~~~~^^^^^^^^^^^^^^^^^^^^^^^^^^^^^^^^^^^^^^
FileNotFoundError: [Errno 2] No such file or directory: 'C:\\Users\\marac\\Desktop\\Django\\Proiect_Django\\magazin_de_bijuterii\\templates\\email_templates\\promo_template1.txt'
[2025-12-10 00:29:01,781] ERROR django.server: "POST /magazin_de_bijuterii/promotii/ HTTP/1.1" 500 77734
[2025-12-10 00:33:07,974] ERROR django.request: Internal Server Error: /magazin_de_bijuterii/promotii/
Traceback (most recent call last):
  File "C:\Users\marac\AppData\Roaming\Python\Python314\site-packages\django\core\handlers\exception.py", line 55, in inner
    response = get_response(request)
  File "C:\Users\marac\AppData\Roaming\Python\Python314\site-packages\django\core\handlers\base.py", line 197, in _get_response
    response = wrapped_callback(request, *callback_args, **callback_kwargs)
  File "C:\Users\marac\AppData\Roaming\Python\Python314\site-packages\django\contrib\auth\decorators.py", line 59, in _view_wrapper
    return view_func(request, *args, **kwargs)
  File "C:\Users\marac\Desktop\Django\Proiect_Django\magazin_de_bijuterii\views.py", line 1283, in promotii_view
    with open(template_path, 'r', encoding='utf-8') as f:
         ~~~~^^^^^^^^^^^^^^^^^^^^^^^^^^^^^^^^^^^^^^
FileNotFoundError: [Errno 2] No such file or directory: 'C:\\Users\\marac\\Desktop\\Django\\Proiect_Django\\magazin_de_bijuterii\\templates\\email_templates\\promo_template1.txt'
[2025-12-10 00:33:07,978] ERROR django.server: "POST /magazin_de_bijuterii/promotii/ HTTP/1.1" 500 77734
[2025-12-10 00:33:49,670] INFO django.server: "POST /magazin_de_bijuterii/promotii/ HTTP/1.1" 200 26
[2025-12-10 00:34:35,694] INFO django.server: "GET /admin/magazin_de_bijuterii/categorie/ HTTP/1.1" 302 0
[2025-12-10 00:34:36,016] INFO django.server: "GET /admin/login/?next=/admin/magazin_de_bijuterii/categorie/ HTTP/1.1" 200 3787
[2025-12-10 00:34:36,133] INFO django.server: "GET /static/admin/css/login.css HTTP/1.1" 200 951
[2025-12-10 00:34:44,103] INFO django.server: "POST /admin/login/?next=/admin/magazin_de_bijuterii/categorie/ HTTP/1.1" 302 0
[2025-12-10 00:34:44,514] INFO django.server: "GET /admin/magazin_de_bijuterii/categorie/ HTTP/1.1" 200 14545
[2025-12-10 00:34:44,781] INFO django.server: "GET /admin/jsi18n/ HTTP/1.1" 200 3342
[2025-12-10 01:29:52,634] INFO django.server: "GET /admin/auth/group/ HTTP/1.1" 200 13639
[2025-12-10 01:29:52,768] INFO django.server: "GET /admin/jsi18n/ HTTP/1.1" 200 3342
[2025-12-10 01:29:55,793] INFO django.server: "GET /admin/auth/group/2/change/ HTTP/1.1" 200 19232
[2025-12-10 01:29:55,887] INFO django.server: "GET /admin/jsi18n/ HTTP/1.1" 200 3342
[2025-12-10 01:29:59,646] INFO django.server: "GET /admin/magazin_de_bijuterii/customuser/ HTTP/1.1" 200 18452
[2025-12-10 01:29:59,721] INFO django.server: "GET /admin/jsi18n/ HTTP/1.1" 200 3342
[2025-12-10 01:30:01,781] INFO django.server: "GET /admin/magazin_de_bijuterii/customuser/2/change/ HTTP/1.1" 200 19544
[2025-12-10 01:30:01,989] INFO django.server: "GET /admin/jsi18n/ HTTP/1.1" 200 3342
[2025-12-10 01:30:11,966] INFO django.server: "GET /admin/magazin_de_bijuterii/customuser/ HTTP/1.1" 200 18452
[2025-12-10 01:30:16,261] INFO django.server: "GET /admin/magazin_de_bijuterii/customuser/6/change/ HTTP/1.1" 200 19583
[2025-12-10 01:30:16,345] INFO django.server: "GET /admin/jsi18n/ HTTP/1.1" 200 3342
[2025-12-10 01:30:23,822] INFO django.server: "GET /admin/auth/group/ HTTP/1.1" 200 13639
[2025-12-10 01:30:23,908] INFO django.server: "GET /admin/jsi18n/ HTTP/1.1" 200 3342
[2025-12-10 01:30:27,431] INFO django.server: "GET /admin/auth/group/1/change/ HTTP/1.1" 200 18740
[2025-12-10 01:30:27,514] INFO django.server: "GET /admin/jsi18n/ HTTP/1.1" 200 3342
[2025-12-10 01:30:32,950] INFO django.server: "GET /admin/magazin_de_bijuterii/customuser/ HTTP/1.1" 200 18452
[2025-12-10 01:30:33,034] INFO django.server: "GET /admin/jsi18n/ HTTP/1.1" 200 3342
[2025-12-10 01:30:40,410] INFO django.server: "GET /admin/magazin_de_bijuterii/customuser/2/change/ HTTP/1.1" 200 19544
[2025-12-10 01:30:40,491] INFO django.server: "GET /admin/jsi18n/ HTTP/1.1" 200 3342
[2025-12-10 01:31:01,879] INFO django.server: "GET /admin/auth/group/ HTTP/1.1" 200 13639
[2025-12-10 01:31:01,954] INFO django.server: "GET /admin/jsi18n/ HTTP/1.1" 200 3342
[2025-12-10 01:35:16,877] INFO django.utils.autoreload: C:\Users\marac\Desktop\Django\Proiect_Django\magazin_de_bijuterii\admin.py changed, reloading.
[2025-12-10 01:35:22,170] INFO django.utils.autoreload: Watching for file changes with StatReloader
[2025-12-10 01:35:22,970] INFO django.server: "GET /admin/auth/group/ HTTP/1.1" 200 13639
[2025-12-10 01:35:23,043] INFO django.server: "GET /admin/jsi18n/ HTTP/1.1" 200 3342
[2025-12-10 01:35:23,922] INFO django.server: "GET /admin/magazin_de_bijuterii/customuser/ HTTP/1.1" 200 18452
[2025-12-10 01:35:24,095] INFO django.server: "GET /admin/jsi18n/ HTTP/1.1" 200 3342
[2025-12-10 01:35:26,604] INFO django.server: "GET /admin/magazin_de_bijuterii/customuser/2/change/ HTTP/1.1" 200 20566
[2025-12-10 01:35:26,690] INFO django.server: "GET /admin/jsi18n/ HTTP/1.1" 200 3342
[2025-12-10 01:35:42,092] INFO django.server: "GET /admin/magazin_de_bijuterii/customuser/ HTTP/1.1" 200 18452
[2025-12-10 01:35:42,167] INFO django.server: "GET /admin/jsi18n/ HTTP/1.1" 200 3342
[2025-12-10 01:35:43,864] INFO django.server: "GET /admin/magazin_de_bijuterii/customuser/6/change/ HTTP/1.1" 200 20596
[2025-12-10 01:35:43,961] INFO django.server: "GET /admin/jsi18n/ HTTP/1.1" 200 3342
[2025-12-10 01:36:39,125] INFO django.server: "GET /admin/auth/group/ HTTP/1.1" 200 13639
[2025-12-10 01:36:39,206] INFO django.server: "GET /admin/jsi18n/ HTTP/1.1" 200 3342
[2025-12-10 01:36:41,027] INFO django.server: "GET /admin/auth/group/1/change/ HTTP/1.1" 200 18740
[2025-12-10 01:36:41,119] INFO django.server: "GET /admin/jsi18n/ HTTP/1.1" 200 3342
[2025-12-10 01:51:33,204] INFO django.utils.autoreload: C:\Users\marac\Desktop\Django\Proiect_Django\magazin_de_bijuterii\admin.py changed, reloading.
[2025-12-10 01:51:37,629] INFO django.utils.autoreload: Watching for file changes with StatReloader
[2025-12-10 01:52:51,824] INFO django.utils.autoreload: C:\Users\marac\Desktop\Django\Proiect_Django\magazin_de_bijuterii\admin.py changed, reloading.
[2025-12-10 01:52:53,649] INFO django.utils.autoreload: Watching for file changes with StatReloader
[2025-12-10 01:54:03,779] INFO django.utils.autoreload: C:\Users\marac\Desktop\Django\Proiect_Django\magazin_de_bijuterii\admin.py changed, reloading.
[2025-12-10 01:54:05,452] INFO django.utils.autoreload: Watching for file changes with StatReloader
[2025-12-10 01:54:22,610] INFO django.utils.autoreload: C:\Users\marac\Desktop\Django\Proiect_Django\magazin_de_bijuterii\admin.py changed, reloading.
[2025-12-10 01:54:24,366] INFO django.utils.autoreload: Watching for file changes with StatReloader
[2025-12-10 01:58:01,533] INFO django.utils.autoreload: C:\Users\marac\Desktop\Django\Proiect_Django\magazin_de_bijuterii\admin.py changed, reloading.
[2025-12-10 01:58:03,429] INFO django.utils.autoreload: Watching for file changes with StatReloader
[2025-12-10 02:00:52,975] INFO django.utils.autoreload: Watching for file changes with StatReloader
[2025-12-10 02:00:56,353] ERROR django.request: Internal Server Error: /admin/auth/group/1/change/
Traceback (most recent call last):
  File "C:\Users\marac\AppData\Roaming\Python\Python314\site-packages\django\core\handlers\exception.py", line 55, in inner
    response = get_response(request)
  File "C:\Users\marac\AppData\Roaming\Python\Python314\site-packages\django\core\handlers\base.py", line 197, in _get_response
    response = wrapped_callback(request, *callback_args, **callback_kwargs)
  File "C:\Users\marac\AppData\Roaming\Python\Python314\site-packages\django\contrib\admin\options.py", line 719, in wrapper
    return self.admin_site.admin_view(view)(*args, **kwargs)
           ~~~~~~~~~~~~~~~~~~~~~~~~~~~~~~~~^^^^^^^^^^^^^^^^^
  File "C:\Users\marac\AppData\Roaming\Python\Python314\site-packages\django\utils\decorators.py", line 192, in _view_wrapper
    result = _process_exception(request, e)
  File "C:\Users\marac\AppData\Roaming\Python\Python314\site-packages\django\utils\decorators.py", line 190, in _view_wrapper
    response = view_func(request, *args, **kwargs)
  File "C:\Users\marac\AppData\Roaming\Python\Python314\site-packages\django\views\decorators\cache.py", line 80, in _view_wrapper
    response = view_func(request, *args, **kwargs)
  File "C:\Users\marac\AppData\Roaming\Python\Python314\site-packages\django\contrib\admin\sites.py", line 246, in inner
    return view(request, *args, **kwargs)
  File "C:\Users\marac\AppData\Roaming\Python\Python314\site-packages\django\contrib\admin\options.py", line 1987, in change_view
    return self.changeform_view(request, object_id, form_url, extra_context)
           ~~~~~~~~~~~~~~~~~~~~^^^^^^^^^^^^^^^^^^^^^^^^^^^^^^^^^^^^^^^^^^^^^
  File "C:\Users\marac\AppData\Roaming\Python\Python314\site-packages\django\utils\decorators.py", line 48, in _wrapper
    return bound_method(*args, **kwargs)
  File "C:\Users\marac\AppData\Roaming\Python\Python314\site-packages\django\utils\decorators.py", line 192, in _view_wrapper
    result = _process_exception(request, e)
  File "C:\Users\marac\AppData\Roaming\Python\Python314\site-packages\django\utils\decorators.py", line 190, in _view_wrapper
    response = view_func(request, *args, **kwargs)
  File "C:\Users\marac\AppData\Roaming\Python\Python314\site-packages\django\contrib\admin\options.py", line 1840, in changeform_view
    return self._changeform_view(request, object_id, form_url, extra_context)
           ~~~~~~~~~~~~~~~~~~~~~^^^^^^^^^^^^^^^^^^^^^^^^^^^^^^^^^^^^^^^^^^^^^
  File "C:\Users\marac\AppData\Roaming\Python\Python314\site-packages\django\contrib\admin\options.py", line 1877, in _changeform_view
    fieldsets = self.get_fieldsets(request, obj)
  File "C:\Users\marac\Desktop\Django\Proiect_Django\magazin_de_bijuterii\admin.py", line 95, in get_fieldsets
    return fieldsets + (
           ~~~~~~~~~~^~~
        ("Utilizatori", {"fields": ("users_in_group",)}),
        ~~~~~~~~~~~~~~~~~~~~~~~~~~~~~~~~~~~~~~~~~~~~~~~~~
    )
    ~
TypeError: can only concatenate list (not "tuple") to list
[2025-12-10 02:00:56,362] ERROR django.server: "GET /admin/auth/group/1/change/ HTTP/1.1" 500 125659
[2025-12-10 02:01:04,570] INFO django.server: "GET /admin/ HTTP/1.1" 200 15293
[2025-12-10 02:01:04,722] INFO django.server: "GET /static/admin/css/dashboard.css HTTP/1.1" 200 441
[2025-12-10 02:01:04,741] INFO django.server: "GET /static/admin/img/icon-changelink.svg HTTP/1.1" 200 380
[2025-12-10 02:01:05,093] INFO django.server: "GET /admin HTTP/1.1" 301 0
[2025-12-10 02:01:05,187] INFO django.server: "GET /admin/ HTTP/1.1" 200 15293
[2025-12-10 02:01:07,534] INFO django.server: "GET /admin/auth/group/ HTTP/1.1" 200 13639
[2025-12-10 02:01:07,736] INFO django.server: "GET /admin/jsi18n/ HTTP/1.1" 200 3342
[2025-12-10 02:01:10,644] ERROR django.request: Internal Server Error: /admin/auth/group/1/change/
Traceback (most recent call last):
  File "C:\Users\marac\AppData\Roaming\Python\Python314\site-packages\django\core\handlers\exception.py", line 55, in inner
    response = get_response(request)
  File "C:\Users\marac\AppData\Roaming\Python\Python314\site-packages\django\core\handlers\base.py", line 197, in _get_response
    response = wrapped_callback(request, *callback_args, **callback_kwargs)
  File "C:\Users\marac\AppData\Roaming\Python\Python314\site-packages\django\contrib\admin\options.py", line 719, in wrapper
    return self.admin_site.admin_view(view)(*args, **kwargs)
           ~~~~~~~~~~~~~~~~~~~~~~~~~~~~~~~~^^^^^^^^^^^^^^^^^
  File "C:\Users\marac\AppData\Roaming\Python\Python314\site-packages\django\utils\decorators.py", line 192, in _view_wrapper
    result = _process_exception(request, e)
  File "C:\Users\marac\AppData\Roaming\Python\Python314\site-packages\django\utils\decorators.py", line 190, in _view_wrapper
    response = view_func(request, *args, **kwargs)
  File "C:\Users\marac\AppData\Roaming\Python\Python314\site-packages\django\views\decorators\cache.py", line 80, in _view_wrapper
    response = view_func(request, *args, **kwargs)
  File "C:\Users\marac\AppData\Roaming\Python\Python314\site-packages\django\contrib\admin\sites.py", line 246, in inner
    return view(request, *args, **kwargs)
  File "C:\Users\marac\AppData\Roaming\Python\Python314\site-packages\django\contrib\admin\options.py", line 1987, in change_view
    return self.changeform_view(request, object_id, form_url, extra_context)
           ~~~~~~~~~~~~~~~~~~~~^^^^^^^^^^^^^^^^^^^^^^^^^^^^^^^^^^^^^^^^^^^^^
  File "C:\Users\marac\AppData\Roaming\Python\Python314\site-packages\django\utils\decorators.py", line 48, in _wrapper
    return bound_method(*args, **kwargs)
  File "C:\Users\marac\AppData\Roaming\Python\Python314\site-packages\django\utils\decorators.py", line 192, in _view_wrapper
    result = _process_exception(request, e)
  File "C:\Users\marac\AppData\Roaming\Python\Python314\site-packages\django\utils\decorators.py", line 190, in _view_wrapper
    response = view_func(request, *args, **kwargs)
  File "C:\Users\marac\AppData\Roaming\Python\Python314\site-packages\django\contrib\admin\options.py", line 1840, in changeform_view
    return self._changeform_view(request, object_id, form_url, extra_context)
           ~~~~~~~~~~~~~~~~~~~~~^^^^^^^^^^^^^^^^^^^^^^^^^^^^^^^^^^^^^^^^^^^^^
  File "C:\Users\marac\AppData\Roaming\Python\Python314\site-packages\django\contrib\admin\options.py", line 1877, in _changeform_view
    fieldsets = self.get_fieldsets(request, obj)
  File "C:\Users\marac\Desktop\Django\Proiect_Django\magazin_de_bijuterii\admin.py", line 95, in get_fieldsets
    return fieldsets + (
           ~~~~~~~~~~^~~
        ("Utilizatori", {"fields": ("users_in_group",)}),
        ~~~~~~~~~~~~~~~~~~~~~~~~~~~~~~~~~~~~~~~~~~~~~~~~~
    )
    ~
TypeError: can only concatenate list (not "tuple") to list
[2025-12-10 02:01:10,650] ERROR django.server: "GET /admin/auth/group/1/change/ HTTP/1.1" 500 125523
[2025-12-10 02:01:52,034] INFO django.utils.autoreload: C:\Users\marac\Desktop\Django\Proiect_Django\magazin_de_bijuterii\admin.py changed, reloading.
[2025-12-10 02:01:53,936] INFO django.utils.autoreload: Watching for file changes with StatReloader
[2025-12-10 02:01:57,505] INFO django.utils.autoreload: C:\Users\marac\Desktop\Django\Proiect_Django\magazin_de_bijuterii\admin.py changed, reloading.
[2025-12-10 02:01:59,272] INFO django.utils.autoreload: Watching for file changes with StatReloader
[2025-12-10 02:02:00,672] INFO django.utils.autoreload: C:\Users\marac\Desktop\Django\Proiect_Django\magazin_de_bijuterii\admin.py changed, reloading.
[2025-12-10 02:02:02,483] INFO django.utils.autoreload: Watching for file changes with StatReloader
[2025-12-10 02:02:07,383] INFO django.utils.autoreload: C:\Users\marac\Desktop\Django\Proiect_Django\magazin_de_bijuterii\admin.py changed, reloading.
[2025-12-10 02:02:08,996] INFO django.utils.autoreload: Watching for file changes with StatReloader
[2025-12-10 02:02:16,471] INFO django.server: "GET /admin/auth/group/1/change/ HTTP/1.1" 200 20081
[2025-12-10 02:02:16,561] INFO django.server: "GET /admin/jsi18n/ HTTP/1.1" 200 3342
[2025-12-10 02:02:31,895] INFO django.server: "GET /admin/magazin_de_bijuterii/customuser/ HTTP/1.1" 200 18452
[2025-12-10 02:02:31,983] INFO django.server: "GET /admin/jsi18n/ HTTP/1.1" 200 3342
[2025-12-10 02:02:34,470] INFO django.server: "GET /admin/magazin_de_bijuterii/customuser/4/change/ HTTP/1.1" 200 20575
[2025-12-10 02:02:34,564] INFO django.server: "GET /admin/jsi18n/ HTTP/1.1" 200 3342
[2025-12-10 02:02:45,916] INFO django.server: "GET /admin/auth/group/ HTTP/1.1" 200 13639
[2025-12-10 02:02:46,002] INFO django.server: "GET /admin/jsi18n/ HTTP/1.1" 200 3342
[2025-12-10 02:18:53,419] INFO django.server: "GET /admin/auth/group/2/change/ HTTP/1.1" 200 20571
[2025-12-10 02:18:53,497] INFO django.server: "GET /admin/jsi18n/ HTTP/1.1" 200 3342
[2025-12-10 20:30:33,574] INFO django.utils.autoreload: Watching for file changes with StatReloader
[2025-12-10 20:30:40,092] INFO django.server: "GET /admin HTTP/1.1" 301 0
[2025-12-10 20:30:40,649] INFO django.server: "GET /admin/ HTTP/1.1" 200 15293
[2025-12-10 20:30:40,764] WARNING django.request: Not Found: /favicon.ico
[2025-12-10 20:30:40,766] WARNING django.server: "GET /favicon.ico HTTP/1.1" 404 8741
[2025-12-10 20:30:47,759] INFO django.server: "GET /admin/magazin_de_bijuterii/promotie/ HTTP/1.1" 200 15685
[2025-12-10 20:30:47,960] INFO django.server: "GET /admin/jsi18n/ HTTP/1.1" 200 3342
[2025-12-10 20:30:51,015] INFO django.server: "GET /admin/magazin_de_bijuterii/promotie/7/change/ HTTP/1.1" 200 18679
[2025-12-10 20:30:51,108] INFO django.server: "GET /admin/jsi18n/ HTTP/1.1" 200 3342
[2025-12-10 20:30:56,025] INFO django.server: "GET /admin/magazin_de_bijuterii/promotie/ HTTP/1.1" 200 15685
[2025-12-10 20:30:59,641] INFO django.server: "GET /admin/magazin_de_bijuterii/promotie/2/change/ HTTP/1.1" 200 18678
[2025-12-10 20:30:59,872] INFO django.server: "GET /admin/jsi18n/ HTTP/1.1" 200 3342
[2025-12-10 20:31:01,976] INFO django.server: "GET /admin/magazin_de_bijuterii/promotie/ HTTP/1.1" 200 15685
[2025-12-10 20:31:04,701] INFO django.server: "GET /admin/magazin_de_bijuterii/promotie/2/change/ HTTP/1.1" 200 18678
[2025-12-10 20:31:04,793] INFO django.server: "GET /admin/jsi18n/ HTTP/1.1" 200 3342
[2025-12-10 20:31:09,372] INFO django.server: "GET /admin/magazin_de_bijuterii/promotie/ HTTP/1.1" 200 15685
[2025-12-10 20:31:33,642] INFO django.server: "GET /admin/magazin_de_bijuterii/promotie/6/change/ HTTP/1.1" 200 18679
[2025-12-10 20:31:33,795] INFO django.server: "GET /admin/jsi18n/ HTTP/1.1" 200 3342
[2025-12-10 20:31:36,032] INFO django.server: "GET /admin/magazin_de_bijuterii/promotie/6/delete/ HTTP/1.1" 200 11632
[2025-12-10 20:31:36,771] INFO django.server: "GET /static/admin/js/cancel.js HTTP/1.1" 200 884
[2025-12-10 20:31:46,324] INFO django.server: "GET /admin/magazin_de_bijuterii/promotie/6/change/ HTTP/1.1" 200 18679
[2025-12-10 22:42:45,537] INFO django.utils.autoreload: Watching for file changes with StatReloader
[2025-12-10 22:42:50,578] INFO django.server: "GET /admin/ HTTP/1.1" 200 15293
[2025-12-10 22:42:53,177] INFO django.server: "GET /admin/magazin_de_bijuterii/customuser/ HTTP/1.1" 200 18452
[2025-12-10 22:42:53,393] INFO django.server: "GET /admin/jsi18n/ HTTP/1.1" 200 3342
[2025-12-10 22:42:58,887] INFO django.server: "GET /admin/magazin_de_bijuterii/customuser/6/change/ HTTP/1.1" 200 20596
[2025-12-10 22:42:59,137] INFO django.server: "GET /admin/jsi18n/ HTTP/1.1" 200 3342
[2025-12-10 22:43:04,393] INFO django.server: "GET /admin/magazin_de_bijuterii/customuser/ HTTP/1.1" 200 18452
[2025-12-10 22:43:06,627] INFO django.server: "GET /admin/magazin_de_bijuterii/customuser/2/change/ HTTP/1.1" 200 20566
[2025-12-10 22:43:06,845] INFO django.server: "GET /admin/jsi18n/ HTTP/1.1" 200 3342
[2025-12-10 22:43:29,378] INFO django.server: "GET /admin/magazin_de_bijuterii/customuser/ HTTP/1.1" 200 18452
[2025-12-10 22:43:32,346] INFO django.server: "GET /admin/magazin_de_bijuterii/customuser/3/change/ HTTP/1.1" 200 20582
[2025-12-10 22:43:32,594] INFO django.server: "GET /admin/jsi18n/ HTTP/1.1" 200 3342
[2025-12-10 22:48:05,767] INFO django.utils.autoreload: C:\Users\marac\Desktop\Django\Proiect_Django\magazin_de_bijuterii\admin.py changed, reloading.
[2025-12-10 22:48:07,715] INFO django.utils.autoreload: Watching for file changes with StatReloader
[2025-12-10 22:48:09,889] INFO django.server: "GET /admin/magazin_de_bijuterii/customuser/3/change/ HTTP/1.1" 200 20582
[2025-12-10 22:48:09,997] INFO django.server: "GET /admin/jsi18n/ HTTP/1.1" 200 3342
[2025-12-10 22:48:17,210] INFO django.server: "GET /admin/magazin_de_bijuterii/customuser/3/change/ HTTP/1.1" 200 20582
[2025-12-10 22:48:17,303] INFO django.server: "GET /admin/jsi18n/ HTTP/1.1" 200 3342
[2025-12-10 22:48:18,580] INFO django.server: "GET /admin/magazin_de_bijuterii/customuser/ HTTP/1.1" 200 18452
[2025-12-10 22:48:18,693] INFO django.server: "GET /admin/jsi18n/ HTTP/1.1" 200 3342
[2025-12-10 22:48:20,712] INFO django.server: "GET /admin/magazin_de_bijuterii/customuser/2/change/ HTTP/1.1" 200 20566
[2025-12-10 22:48:20,966] INFO django.server: "GET /admin/jsi18n/ HTTP/1.1" 200 3342
[2025-12-10 22:49:18,247] INFO django.server: "GET /admin/auth/group/ HTTP/1.1" 200 13639
[2025-12-10 22:49:18,427] INFO django.server: "GET /admin/jsi18n/ HTTP/1.1" 200 3342
[2025-12-10 22:49:20,572] INFO django.server: "GET /admin/magazin_de_bijuterii/customuser/ HTTP/1.1" 200 18452
[2025-12-10 22:49:20,692] INFO django.server: "GET /admin/jsi18n/ HTTP/1.1" 200 3342
[2025-12-10 22:49:23,518] INFO django.server: "GET /admin/magazin_de_bijuterii/customuser/2/change/ HTTP/1.1" 200 20566
[2025-12-10 22:49:23,609] INFO django.server: "GET /admin/jsi18n/ HTTP/1.1" 200 3342
[2025-12-10 22:49:48,909] INFO django.server: "GET /admin/ HTTP/1.1" 200 15293
[2025-12-10 22:49:53,421] INFO django.server: "GET /admin/magazin_de_bijuterii/customuser/ HTTP/1.1" 200 18452
[2025-12-10 22:49:53,525] INFO django.server: "GET /admin/jsi18n/ HTTP/1.1" 200 3342
[2025-12-10 22:49:55,795] INFO django.server: "GET /admin/magazin_de_bijuterii/customuser/6/change/ HTTP/1.1" 200 20596
[2025-12-10 22:49:56,034] INFO django.server: "GET /admin/jsi18n/ HTTP/1.1" 200 3342
[2025-12-10 22:50:59,036] INFO django.utils.autoreload: Watching for file changes with StatReloader
[2025-12-10 22:51:03,288] INFO django.server: "GET /admin/magazin_de_bijuterii/customuser/6/change/ HTTP/1.1" 200 20596
[2025-12-10 22:51:03,392] INFO django.server: "GET /admin/jsi18n/ HTTP/1.1" 200 3342
[2025-12-10 22:51:08,155] INFO django.server: "GET /admin/magazin_de_bijuterii/customuser/ HTTP/1.1" 200 18452
[2025-12-10 22:51:08,890] INFO django.server: "GET /admin/ HTTP/1.1" 200 15293
[2025-12-10 22:51:09,066] INFO django.server: "GET /admin/magazin_de_bijuterii/customuser/2/change/ HTTP/1.1" 200 20566
[2025-12-10 22:51:09,165] INFO django.server: "GET /admin/magazin_de_bijuterii/customuser/ HTTP/1.1" 200 18452
[2025-12-10 22:51:09,407] INFO django.server: "GET /admin/auth/group/ HTTP/1.1" 200 13639
[2025-12-10 22:51:10,042] INFO django.server: "GET /admin/magazin_de_bijuterii/customuser/2/change/ HTTP/1.1" 200 20566
[2025-12-10 22:51:10,569] INFO django.server: "GET /admin/magazin_de_bijuterii/customuser/ HTTP/1.1" 200 18452
[2025-12-10 22:51:11,035] INFO django.server: - Broken pipe from ('127.0.0.1', 65494)
[2025-12-10 22:51:11,131] INFO django.server: "GET /admin/magazin_de_bijuterii/customuser/ HTTP/1.1" 200 18452
[2025-12-10 22:51:11,286] INFO django.server: "GET /admin/ HTTP/1.1" 200 15293
[2025-12-10 22:51:11,450] INFO django.server: "GET /admin/magazin_de_bijuterii/customuser/ HTTP/1.1" 200 18452
[2025-12-10 22:51:11,725] INFO django.server: "GET /admin/magazin_de_bijuterii/promotie/6/change/ HTTP/1.1" 200 18679
[2025-12-10 22:51:11,878] INFO django.server: "GET /admin/magazin_de_bijuterii/promotie/ HTTP/1.1" 200 15685
[2025-12-10 22:51:12,111] INFO django.server: "GET /admin/ HTTP/1.1" 200 15293
[2025-12-10 22:51:12,716] INFO django.server: "GET /admin/auth/group/ HTTP/1.1" 200 13639
[2025-12-10 22:51:13,264] INFO django.server: "GET /admin/magazin_de_bijuterii/customuser/4/change/ HTTP/1.1" 200 20575
[2025-12-10 22:51:17,048] INFO django.server: "GET /admin/magazin_de_bijuterii/customuser/4/change/ HTTP/1.1" 200 20575
[2025-12-10 22:51:17,141] INFO django.server: "GET /admin/jsi18n/ HTTP/1.1" 200 3342
[2025-12-10 22:51:17,409] INFO django.server: "GET /admin/magazin_de_bijuterii/customuser/4/change/ HTTP/1.1" 200 20575
[2025-12-10 22:51:17,503] INFO django.server: "GET /admin/jsi18n/ HTTP/1.1" 200 3342
[2025-12-10 22:51:17,819] INFO django.server: "GET /admin/magazin_de_bijuterii/customuser/4/change/ HTTP/1.1" 200 20575
[2025-12-10 22:51:17,902] INFO django.server: "GET /admin/jsi18n/ HTTP/1.1" 200 3342
[2025-12-10 22:51:18,270] INFO django.server: "GET /admin/magazin_de_bijuterii/customuser/4/change/ HTTP/1.1" 200 20575
[2025-12-10 22:51:18,361] INFO django.server: "GET /admin/jsi18n/ HTTP/1.1" 200 3342
[2025-12-10 22:51:21,223] INFO django.server: "GET /admin/ HTTP/1.1" 200 15293
[2025-12-10 22:51:25,427] INFO django.server: "POST /admin/logout/ HTTP/1.1" 200 3606
[2025-12-10 22:51:27,615] INFO django.server: "GET /admin/ HTTP/1.1" 302 0
[2025-12-10 22:51:27,708] INFO django.server: "GET /admin/login/?next=/admin/ HTTP/1.1" 200 4211
[2025-12-10 22:51:27,902] INFO django.server: "GET /static/admin/css/login.css HTTP/1.1" 200 951
[2025-12-10 22:51:45,919] INFO django.server: "POST /admin/login/?next=/admin/ HTTP/1.1" 302 0
[2025-12-10 22:51:46,138] INFO django.server: - Broken pipe from ('127.0.0.1', 52102)
[2025-12-10 22:51:46,204] WARNING django.security.csrf: Forbidden (CSRF token from POST incorrect.): /admin/login/
[2025-12-10 22:51:46,217] WARNING django.server: "POST /admin/login/?next=/admin/ HTTP/1.1" 403 2503
[2025-12-10 22:52:39,968] INFO django.server: "GET /magazin_de_bijuterii HTTP/1.1" 301 0
[2025-12-10 22:52:40,307] INFO django.server: "GET /magazin_de_bijuterii/ HTTP/1.1" 200 2386
[2025-12-10 22:52:41,722] INFO django.server: "GET /static/magazin_de_bijuterii/imagini/3f900dfae91a171331669626af16fc2f.jpg HTTP/1.1" 200 87544
[2025-12-10 22:52:52,647] INFO django.server: "GET /magazin_de_bijuterii/accounts/login/ HTTP/1.1" 200 2932
[2025-12-10 22:53:18,837] INFO django: User mara a incercat sa se logheze fara confirmare email
[2025-12-10 22:53:18,871] INFO django.server: "POST /magazin_de_bijuterii/accounts/login/ HTTP/1.1" 200 3046
[2025-12-10 22:53:49,930] INFO django: Utilizator logat: MARA1
[2025-12-10 22:53:49,941] INFO django.server: "POST /magazin_de_bijuterii/accounts/login/ HTTP/1.1" 302 0
[2025-12-10 22:53:50,287] INFO django.server: "GET /accounts/profil/ HTTP/1.1" 200 2729
[2025-12-10 22:54:01,576] INFO django.server: "GET /admin/ HTTP/1.1" 302 0
[2025-12-10 22:54:01,883] INFO django.server: "GET /admin/login/?next=/admin/ HTTP/1.1" 200 3725
[2025-12-10 22:54:15,062] INFO django.server: "POST /admin/login/?next=/admin/ HTTP/1.1" 302 0
[2025-12-10 22:54:15,368] INFO django.server: "GET /admin/ HTTP/1.1" 200 15293
[2025-12-10 22:54:22,448] INFO django.server: "GET /admin/magazin_de_bijuterii/customuser/ HTTP/1.1" 200 18452
[2025-12-10 22:54:22,653] INFO django.server: "GET /admin/jsi18n/ HTTP/1.1" 200 3342
[2025-12-10 22:54:29,404] INFO django.server: "GET /admin/magazin_de_bijuterii/customuser/6/change/ HTTP/1.1" 200 20596
[2025-12-10 22:54:29,628] INFO django.server: "GET /admin/jsi18n/ HTTP/1.1" 200 3342
[2025-12-10 23:00:08,334] INFO django.utils.autoreload: C:\Users\marac\Desktop\Django\Proiect_Django\magazin_de_bijuterii\admin.py changed, reloading.
[2025-12-10 23:00:16,688] INFO django.utils.autoreload: Watching for file changes with StatReloader
[2025-12-10 23:00:25,119] INFO django.server: "GET /admin/magazin_de_bijuterii/customuser/6/change/ HTTP/1.1" 200 20596
[2025-12-10 23:00:25,315] INFO django.server: "GET /admin/jsi18n/ HTTP/1.1" 200 3342
[2025-12-10 23:30:11,546] INFO django.utils.autoreload: Watching for file changes with StatReloader
[2025-12-10 23:30:17,569] INFO django.server: "GET /admin/magazin_de_bijuterii/customuser/6/change/ HTTP/1.1" 200 20596
[2025-12-10 23:30:17,908] INFO django.server: "GET /admin/jsi18n/ HTTP/1.1" 200 3342
[2025-12-10 23:30:28,123] INFO django.server: "POST /admin/magazin_de_bijuterii/customuser/6/change/ HTTP/1.1" 302 0
[2025-12-10 23:30:28,302] INFO django.server: "GET /admin/magazin_de_bijuterii/customuser/6/change/ HTTP/1.1" 200 20840
[2025-12-10 23:30:28,497] INFO django.server: "GET /admin/jsi18n/ HTTP/1.1" 200 3342
[2025-12-10 23:30:39,761] INFO django.server: "GET /admin/magazin_de_bijuterii/vizualizare/ HTTP/1.1" 200 16765
[2025-12-10 23:30:39,989] INFO django.server: "GET /admin/jsi18n/ HTTP/1.1" 200 3342
[2025-12-10 23:30:43,359] INFO django.server: "GET /admin/magazin_de_bijuterii/material/ HTTP/1.1" 200 14356
[2025-12-10 23:30:43,562] INFO django.server: "GET /admin/jsi18n/ HTTP/1.1" 200 3342
[2025-12-10 23:30:47,456] INFO django.server: "GET /admin/auth/group/ HTTP/1.1" 200 13639
[2025-12-10 23:30:47,813] INFO django.server: "GET /admin/jsi18n/ HTTP/1.1" 200 3342
[2025-12-10 23:30:49,460] INFO django.server: "GET /admin/auth/group/1/change/ HTTP/1.1" 200 20081
[2025-12-10 23:30:49,830] INFO django.server: "GET /admin/jsi18n/ HTTP/1.1" 200 3342
[2025-12-10 23:31:02,628] INFO django.server: "GET /admin/magazin_de_bijuterii/customuser/ HTTP/1.1" 200 18452
[2025-12-10 23:31:02,868] INFO django.server: "GET /admin/jsi18n/ HTTP/1.1" 200 3342
[2025-12-10 23:31:13,292] INFO django.server: "GET /admin/magazin_de_bijuterii/customuser/? HTTP/1.1" 200 18452
[2025-12-10 23:31:13,466] INFO django.server: "GET /admin/jsi18n/ HTTP/1.1" 200 3342
[2025-12-10 23:31:22,315] INFO django.server: - Broken pipe from ('127.0.0.1', 50646)
[2025-12-10 23:31:22,785] INFO django.server: "GET /admin/magazin_de_bijuterii/customuser/?o=6.1 HTTP/1.1" 200 19172
[2025-12-10 23:31:23,028] INFO django.server: "GET /admin/jsi18n/ HTTP/1.1" 200 3342
[2025-12-10 23:31:27,374] INFO django.server: "GET /admin/magazin_de_bijuterii/customuser/?o=-6.1 HTTP/1.1" 200 19201
[2025-12-10 23:31:27,573] INFO django.server: "GET /admin/jsi18n/ HTTP/1.1" 200 3342
[2025-12-10 23:31:31,371] INFO django.server: "GET /admin/magazin_de_bijuterii/customuser/?o=6.1 HTTP/1.1" 200 19172
[2025-12-10 23:31:31,640] INFO django.server: "GET /admin/jsi18n/ HTTP/1.1" 200 3342
[2025-12-10 23:31:33,854] INFO django.server: "GET /admin/magazin_de_bijuterii/customuser/?o=1 HTTP/1.1" 200 18754
[2025-12-10 23:31:34,051] INFO django.server: "GET /admin/jsi18n/ HTTP/1.1" 200 3342
[2025-12-10 23:31:55,620] INFO django.server: "GET /admin/magazin_de_bijuterii/customuser/?o=6.1 HTTP/1.1" 200 19172
[2025-12-10 23:31:55,820] INFO django.server: "GET /admin/jsi18n/ HTTP/1.1" 200 3342
[2025-12-10 23:32:03,388] INFO django.server: "GET /admin/magazin_de_bijuterii/customuser/?_facets=True&o=6.1 HTTP/1.1" 200 19777
[2025-12-10 23:32:03,574] INFO django.server: "GET /admin/jsi18n/ HTTP/1.1" 200 3342
[2025-12-10 23:32:04,237] INFO django.server: "GET /static/admin/img/icon-hidelink.svg HTTP/1.1" 200 784
[2025-12-10 23:32:05,754] INFO django.server: "GET /admin/magazin_de_bijuterii/customuser/?o=6.1 HTTP/1.1" 200 19172
[2025-12-10 23:32:05,940] INFO django.server: "GET /admin/jsi18n/ HTTP/1.1" 200 3342
[2025-12-10 23:32:08,776] INFO django.server: "GET /admin/magazin_de_bijuterii/customuser/?o=-6.1 HTTP/1.1" 200 19201
[2025-12-10 23:32:08,955] INFO django.server: "GET /admin/jsi18n/ HTTP/1.1" 200 3342
[2025-12-10 23:32:15,735] INFO django.server: "GET /admin/magazin_de_bijuterii/customuser/add/?_changelist_filters=o%3D-6.1 HTTP/1.1" 200 20406
[2025-12-10 23:32:15,873] INFO django.server: "GET /static/admin/css/unusable_password_field.css HTTP/1.1" 200 663
[2025-12-10 23:32:15,970] INFO django.server: "GET /admin/jsi18n/ HTTP/1.1" 200 3342
[2025-12-10 23:32:16,177] INFO django.server: "GET /static/admin/js/unusable_password_field.js HTTP/1.1" 200 1480
[2025-12-10 23:32:20,158] INFO django.server: "GET /admin/magazin_de_bijuterii/customuser/?o=-6.1 HTTP/1.1" 200 19201
[2025-12-11 01:57:15,194] INFO django.utils.autoreload: C:\Users\marac\Desktop\Django\Proiect_Django\magazin_de_bijuterii\admin.py changed, reloading.
[2025-12-11 01:57:27,234] INFO django.utils.autoreload: Watching for file changes with StatReloader
[2025-12-11 01:57:33,114] INFO django.utils.autoreload: C:\Users\marac\Desktop\Django\Proiect_Django\magazin_de_bijuterii\views.py changed, reloading.
[2025-12-11 01:57:40,174] INFO django.utils.autoreload: Watching for file changes with StatReloader
[2025-12-11 01:57:58,245] INFO django.utils.autoreload: C:\Users\marac\Desktop\Django\Proiect_Django\magazin_de_bijuterii\views.py changed, reloading.
[2025-12-11 01:58:03,593] INFO django.utils.autoreload: Watching for file changes with StatReloader
[2025-12-11 02:34:31,001] INFO django.utils.autoreload: Watching for file changes with StatReloader
[2025-12-11 02:34:51,709] INFO django.server: "GET /logtest HTTP/1.1" 301 0
[2025-12-11 02:34:51,714] INFO django: Mesaj INFO - test
[2025-12-11 02:34:51,714] WARNING django: Mesaj WARNING - test
[2025-12-11 02:34:51,715] ERROR django: Mesaj ERROR - test
[2025-12-11 02:34:51,717] CRITICAL django: Mesaj CRITICAL - test
[2025-12-11 02:34:51,723] INFO django.server: "GET /logtest/ HTTP/1.1" 200 34
[2025-12-11 02:38:14,902] INFO django.utils.autoreload: C:\Users\marac\Desktop\Django\Proiect_Django\Proiect_Django\settings.py changed, reloading.
[2025-12-11 02:38:16,076] INFO django.utils.autoreload: Watching for file changes with StatReloader
[2025-12-11 02:38:18,025] INFO django: Mesaj INFO - test
[2025-12-11 02:38:18,025] WARNING django: Mesaj WARNING - test
[2025-12-11 02:38:18,025] ERROR django: Mesaj ERROR - test
[2025-12-11 02:38:18,026] CRITICAL django: Mesaj CRITICAL - test
[2025-12-11 02:38:18,028] INFO django.server: "GET /logtest/ HTTP/1.1" 200 34
[2025-12-11 02:39:26,852] INFO django.utils.autoreload: Watching for file changes with StatReloader
[2025-12-11 02:39:40,629] INFO django: Mesaj INFO - test
[2025-12-11 02:39:40,630] WARNING django: Mesaj WARNING - test
[2025-12-11 02:39:40,631] ERROR django: Mesaj ERROR - test
[2025-12-11 02:39:40,632] CRITICAL django: Mesaj CRITICAL - test
[2025-12-11 02:39:40,634] INFO django.server: "GET /logtest/ HTTP/1.1" 200 34
[2025-12-11 12:46:33,026] INFO django.utils.autoreload: C:\Users\marac\Desktop\Django\Proiect_Django\magazin_de_bijuterii\views.py changed, reloading.
[2025-12-11 12:46:40,892] INFO django.utils.autoreload: Watching for file changes with StatReloader
[2025-12-11 12:50:28,141] INFO django.server: "GET /admin/ HTTP/1.1" 200 15291
[2025-12-11 12:50:33,688] INFO django.server: "GET /admin/auth/group/ HTTP/1.1" 200 13639
[2025-12-11 12:50:33,916] INFO django.server: "GET /admin/jsi18n/ HTTP/1.1" 200 3342
[2025-12-11 12:50:36,142] INFO django.server: "GET /admin/auth/group/2/change/ HTTP/1.1" 200 20571
[2025-12-11 12:50:36,254] INFO django.server: "GET /admin/jsi18n/ HTTP/1.1" 200 3342
[2025-12-11 12:53:50,176] INFO django.utils.autoreload: C:\Users\marac\Desktop\Django\Proiect_Django\magazin_de_bijuterii\views.py changed, reloading.
[2025-12-11 12:53:55,658] INFO django.utils.autoreload: Watching for file changes with StatReloader
[2025-12-11 12:54:01,009] INFO django.utils.autoreload: C:\Users\marac\Desktop\Django\Proiect_Django\magazin_de_bijuterii\views.py changed, reloading.
[2025-12-11 12:54:02,809] INFO django.utils.autoreload: Watching for file changes with StatReloader
[2025-12-11 12:58:38,454] INFO django.utils.autoreload: C:\Users\marac\Desktop\Django\Proiect_Django\magazin_de_bijuterii\admin.py changed, reloading.
[2025-12-11 12:58:39,864] INFO django.utils.autoreload: Watching for file changes with StatReloader
[2025-12-11 12:58:46,268] INFO django.utils.autoreload: C:\Users\marac\Desktop\Django\Proiect_Django\magazin_de_bijuterii\admin.py changed, reloading.
[2025-12-11 12:58:53,070] INFO django.utils.autoreload: Watching for file changes with StatReloader
[2025-12-11 12:58:56,515] INFO django.utils.autoreload: C:\Users\marac\Desktop\Django\Proiect_Django\magazin_de_bijuterii\admin.py changed, reloading.
[2025-12-11 12:59:02,138] INFO django.utils.autoreload: Watching for file changes with StatReloader
[2025-12-11 12:59:07,245] INFO django.utils.autoreload: C:\Users\marac\Desktop\Django\Proiect_Django\magazin_de_bijuterii\admin.py changed, reloading.
[2025-12-11 12:59:08,930] INFO django.utils.autoreload: Watching for file changes with StatReloader
[2025-12-11 12:59:11,690] INFO django.utils.autoreload: C:\Users\marac\Desktop\Django\Proiect_Django\magazin_de_bijuterii\admin.py changed, reloading.
[2025-12-11 12:59:17,853] INFO django.utils.autoreload: Watching for file changes with StatReloader
[2025-12-11 13:00:31,618] INFO django.utils.autoreload: C:\Users\marac\Desktop\Django\Proiect_Django\magazin_de_bijuterii\views.py changed, reloading.
[2025-12-11 13:00:37,003] INFO django.utils.autoreload: Watching for file changes with StatReloader
[2025-12-11 13:00:47,072] INFO django.utils.autoreload: C:\Users\marac\Desktop\Django\Proiect_Django\magazin_de_bijuterii\views.py changed, reloading.
[2025-12-11 13:00:48,840] INFO django.utils.autoreload: Watching for file changes with StatReloader
[2025-12-11 13:00:50,615] INFO django.utils.autoreload: C:\Users\marac\Desktop\Django\Proiect_Django\magazin_de_bijuterii\views.py changed, reloading.
[2025-12-11 13:00:52,443] INFO django.utils.autoreload: Watching for file changes with StatReloader
[2025-12-11 13:00:56,167] INFO django.utils.autoreload: C:\Users\marac\Desktop\Django\Proiect_Django\magazin_de_bijuterii\views.py changed, reloading.
[2025-12-11 13:00:57,739] INFO django.utils.autoreload: Watching for file changes with StatReloader
[2025-12-11 13:01:16,553] INFO django.utils.autoreload: C:\Users\marac\Desktop\Django\Proiect_Django\magazin_de_bijuterii\views.py changed, reloading.
[2025-12-11 13:01:18,070] INFO django.utils.autoreload: Watching for file changes with StatReloader
[2025-12-11 13:04:08,621] INFO django.utils.autoreload: C:\Users\marac\Desktop\Django\Proiect_Django\magazin_de_bijuterii\views.py changed, reloading.
[2025-12-11 13:04:10,108] INFO django.utils.autoreload: Watching for file changes with StatReloader
[2025-12-11 13:04:11,838] INFO django.utils.autoreload: C:\Users\marac\Desktop\Django\Proiect_Django\magazin_de_bijuterii\views.py changed, reloading.
[2025-12-11 13:04:13,274] INFO django.utils.autoreload: Watching for file changes with StatReloader
[2025-12-11 13:04:22,131] INFO django.utils.autoreload: C:\Users\marac\Desktop\Django\Proiect_Django\magazin_de_bijuterii\views.py changed, reloading.
[2025-12-11 13:04:23,719] INFO django.utils.autoreload: Watching for file changes with StatReloader
[2025-12-11 13:06:47,603] INFO django.server: "GET /admin/auth/group/2/change/ HTTP/1.1" 200 20571
[2025-12-11 13:06:47,701] INFO django.server: "GET /admin/jsi18n/ HTTP/1.1" 200 3342
[2025-12-11 13:07:02,754] ERROR django.request: Internal Server Error: /magazin_de_bijuterii/
Traceback (most recent call last):
  File "C:\Users\marac\AppData\Roaming\Python\Python314\site-packages\django\template\smartif.py", line 180, in translate_token
    op = OPERATORS[token]
         ~~~~~~~~~^^^^^^^
KeyError: 'user.groups.filter(name="Administratori_site").exists'

During handling of the above exception, another exception occurred:

Traceback (most recent call last):
  File "C:\Users\marac\AppData\Roaming\Python\Python314\site-packages\django\core\handlers\exception.py", line 55, in inner
    response = get_response(request)
  File "C:\Users\marac\AppData\Roaming\Python\Python314\site-packages\django\core\handlers\base.py", line 197, in _get_response
    response = wrapped_callback(request, *callback_args, **callback_kwargs)
  File "C:\Users\marac\Desktop\Django\Proiect_Django\magazin_de_bijuterii\views.py", line 253, in index
    return render(request, 'magazin_de_bijuterii/index.html', {'user_ip': user_ip})
  File "C:\Users\marac\AppData\Roaming\Python\Python314\site-packages\django\shortcuts.py", line 25, in render
    content = loader.render_to_string(template_name, context, request, using=using)
  File "C:\Users\marac\AppData\Roaming\Python\Python314\site-packages\django\template\loader.py", line 62, in render_to_string
    return template.render(context, request)
           ~~~~~~~~~~~~~~~^^^^^^^^^^^^^^^^^^
  File "C:\Users\marac\AppData\Roaming\Python\Python314\site-packages\django\template\backends\django.py", line 107, in render
    return self.template.render(context)
           ~~~~~~~~~~~~~~~~~~~~^^^^^^^^^
  File "C:\Users\marac\AppData\Roaming\Python\Python314\site-packages\django\template\base.py", line 171, in render
    return self._render(context)
           ~~~~~~~~~~~~^^^^^^^^^
  File "C:\Users\marac\AppData\Roaming\Python\Python314\site-packages\django\template\base.py", line 163, in _render
    return self.nodelist.render(context)
           ~~~~~~~~~~~~~~~~~~~~^^^^^^^^^
  File "C:\Users\marac\AppData\Roaming\Python\Python314\site-packages\django\template\base.py", line 1016, in render
    return SafeString("".join([node.render_annotated(context) for node in self]))
                               ~~~~~~~~~~~~~~~~~~~~~^^^^^^^^^
  File "C:\Users\marac\AppData\Roaming\Python\Python314\site-packages\django\template\base.py", line 977, in render_annotated
    return self.render(context)
           ~~~~~~~~~~~^^^^^^^^^
  File "C:\Users\marac\AppData\Roaming\Python\Python314\site-packages\django\template\loader_tags.py", line 134, in render
    compiled_parent = self.get_parent(context)
  File "C:\Users\marac\AppData\Roaming\Python\Python314\site-packages\django\template\loader_tags.py", line 131, in get_parent
    return self.find_template(parent, context)
           ~~~~~~~~~~~~~~~~~~^^^^^^^^^^^^^^^^^
  File "C:\Users\marac\AppData\Roaming\Python\Python314\site-packages\django\template\loader_tags.py", line 109, in find_template
    template, origin = context.template.engine.find_template(
                       ~~~~~~~~~~~~~~~~~~~~~~~~~~~~~~~~~~~~~^
        template_name,
        ^^^^^^^^^^^^^^
        skip=history,
        ^^^^^^^^^^^^^
    )
    ^
  File "C:\Users\marac\AppData\Roaming\Python\Python314\site-packages\django\template\engine.py", line 159, in find_template
    template = loader.get_template(name, skip=skip)
  File "C:\Users\marac\AppData\Roaming\Python\Python314\site-packages\django\template\loaders\cached.py", line 57, in get_template
    template = super().get_template(template_name, skip)
  File "C:\Users\marac\AppData\Roaming\Python\Python314\site-packages\django\template\loaders\base.py", line 28, in get_template
    return Template(
        contents,
    ...<2 lines>...
        self.engine,
    )
  File "C:\Users\marac\AppData\Roaming\Python\Python314\site-packages\django\template\base.py", line 154, in __init__
    self.nodelist = self.compile_nodelist()
                    ~~~~~~~~~~~~~~~~~~~~~^^
  File "C:\Users\marac\AppData\Roaming\Python\Python314\site-packages\django\template\base.py", line 196, in compile_nodelist
    nodelist = parser.parse()
  File "C:\Users\marac\AppData\Roaming\Python\Python314\site-packages\django\template\base.py", line 518, in parse
    raise self.error(token, e)
  File "C:\Users\marac\AppData\Roaming\Python\Python314\site-packages\django\template\base.py", line 516, in parse
    compiled_result = compile_func(self, token)
  File "C:\Users\marac\AppData\Roaming\Python\Python314\site-packages\django\template\defaulttags.py", line 961, in do_if
    condition = TemplateIfParser(parser, bits).parse()
                ~~~~~~~~~~~~~~~~^^^^^^^^^^^^^^
  File "C:\Users\marac\AppData\Roaming\Python\Python314\site-packages\django\template\defaulttags.py", line 894, in __init__
    super().__init__(*args, **kwargs)
    ~~~~~~~~~~~~~~~~^^^^^^^^^^^^^^^^^
  File "C:\Users\marac\AppData\Roaming\Python\Python314\site-packages\django\template\smartif.py", line 171, in __init__
    mapped_tokens.append(self.translate_token(token))
                         ~~~~~~~~~~~~~~~~~~~~^^^^^^^
  File "C:\Users\marac\AppData\Roaming\Python\Python314\site-packages\django\template\smartif.py", line 182, in translate_token
    return self.create_var(token)
           ~~~~~~~~~~~~~~~^^^^^^^
  File "C:\Users\marac\AppData\Roaming\Python\Python314\site-packages\django\template\defaulttags.py", line 897, in create_var
    return TemplateLiteral(self.template_parser.compile_filter(value), value)
                           ~~~~~~~~~~~~~~~~~~~~~~~~~~~~~~~~~~~^^^^^^^
  File "C:\Users\marac\AppData\Roaming\Python\Python314\site-packages\django\template\base.py", line 609, in compile_filter
    return FilterExpression(token, self)
  File "C:\Users\marac\AppData\Roaming\Python\Python314\site-packages\django\template\base.py", line 710, in __init__
    raise TemplateSyntaxError(
    ...<2 lines>...
    )
django.template.exceptions.TemplateSyntaxError: Could not parse the remainder: '(name="Administratori_site").exists' from 'user.groups.filter(name="Administratori_site").exists'
[2025-12-11 13:07:02,770] ERROR django.server: "GET /magazin_de_bijuterii/ HTTP/1.1" 500 215202
[2025-12-11 13:09:40,712] INFO django.server: "GET /magazin_de_bijuterii/ HTTP/1.1" 200 2554
[2025-12-11 13:09:43,651] INFO django.server: "GET /log/ HTTP/1.1" 200 10433
[2025-12-11 13:09:45,481] INFO django.server: "GET /info/ HTTP/1.1" 200 729
[2025-12-11 13:09:54,898] INFO django.server: "GET /magazin_de_bijuterii/accounts/login/ HTTP/1.1" 200 3100
[2025-12-11 13:10:04,769] INFO django.server: "POST /magazin_de_bijuterii/accounts/login/ HTTP/1.1" 200 3251
[2025-12-11 13:10:12,414] INFO django: Utilizator logat: MARA1
[2025-12-11 13:10:12,420] INFO django.server: "POST /magazin_de_bijuterii/accounts/login/ HTTP/1.1" 302 0
[2025-12-11 13:10:12,649] INFO django.server: "GET /accounts/profil/ HTTP/1.1" 200 2681
[2025-12-11 13:10:15,278] INFO django.server: "GET / HTTP/1.1" 200 2338
[2025-12-11 15:31:06,368] INFO django.utils.autoreload: C:\Users\marac\Desktop\Django\Proiect_Django\magazin_de_bijuterii\views.py changed, reloading.
[2025-12-11 15:31:26,648] INFO django.utils.autoreload: Watching for file changes with StatReloader
[2025-12-11 16:23:55,263] INFO django.utils.autoreload: C:\Users\marac\Desktop\Django\Proiect_Django\Proiect_Django\settings.py changed, reloading.
[2025-12-11 16:23:57,468] INFO django.utils.autoreload: Watching for file changes with StatReloader
[2025-12-11 17:11:23,234] INFO django.utils.autoreload: C:\Users\marac\Desktop\Django\Proiect_Django\magazin_de_bijuterii\forms.py changed, reloading.
[2025-12-11 17:11:31,040] INFO django.utils.autoreload: Watching for file changes with StatReloader
[2025-12-11 17:11:45,549] INFO django.utils.autoreload: C:\Users\marac\Desktop\Django\Proiect_Django\magazin_de_bijuterii\models.py changed, reloading.
[2025-12-11 17:11:47,327] INFO django.utils.autoreload: Watching for file changes with StatReloader
[2025-12-11 17:11:50,077] INFO django.utils.autoreload: C:\Users\marac\Desktop\Django\Proiect_Django\magazin_de_bijuterii\models.py changed, reloading.
[2025-12-11 17:11:52,468] INFO django.utils.autoreload: Watching for file changes with StatReloader
[2025-12-11 17:17:56,120] INFO django.server: "GET /admin/ HTTP/1.1" 302 0
[2025-12-11 17:17:56,897] INFO django.server: "GET /admin/login/?next=/admin/ HTTP/1.1" 200 3725
[2025-12-11 17:17:56,942] INFO django.server: "GET /static/admin/css/dark_mode.css HTTP/1.1" 304 0
[2025-12-11 17:17:56,944] INFO django.server: "GET /static/admin/css/base.css HTTP/1.1" 304 0
[2025-12-11 17:17:56,952] INFO django.server: "GET /static/admin/js/theme.js HTTP/1.1" 304 0
[2025-12-11 17:17:56,959] INFO django.server: "GET /static/admin/css/responsive.css HTTP/1.1" 304 0
[2025-12-11 17:17:56,964] INFO django.server: "GET /static/admin/css/nav_sidebar.css HTTP/1.1" 304 0
[2025-12-11 17:17:56,964] INFO django.server: "GET /static/admin/js/nav_sidebar.js HTTP/1.1" 304 0
[2025-12-11 17:18:05,991] INFO django.server: "POST /admin/login/?next=/admin/ HTTP/1.1" 302 0
[2025-12-11 17:18:06,253] INFO django.server: "GET /admin/ HTTP/1.1" 200 15291
[2025-12-11 17:18:06,344] INFO django.server: "GET /static/admin/img/icon-addlink.svg HTTP/1.1" 304 0
[2025-12-11 17:18:09,315] INFO django.server: "GET /admin/magazin_de_bijuterii/customuser/ HTTP/1.1" 200 18452
[2025-12-11 17:18:09,360] INFO django.server: "GET /static/admin/css/changelists.css HTTP/1.1" 304 0
[2025-12-11 17:18:09,365] INFO django.server: "GET /static/admin/js/jquery.init.js HTTP/1.1" 304 0
[2025-12-11 17:18:09,366] INFO django.server: "GET /static/admin/js/admin/RelatedObjectLookups.js HTTP/1.1" 304 0
[2025-12-11 17:18:09,366] INFO django.server: "GET /static/admin/js/core.js HTTP/1.1" 304 0
[2025-12-11 17:18:09,367] INFO django.server: "GET /static/admin/js/actions.js HTTP/1.1" 304 0
[2025-12-11 17:18:09,366] INFO django.server: "GET /static/admin/js/vendor/jquery/jquery.js HTTP/1.1" 304 0
[2025-12-11 17:18:09,374] INFO django.server: "GET /static/admin/js/urlify.js HTTP/1.1" 304 0
[2025-12-11 17:18:09,376] INFO django.server: "GET /static/admin/js/vendor/xregexp/xregexp.js HTTP/1.1" 304 0
[2025-12-11 17:18:09,377] INFO django.server: "GET /static/admin/js/prepopulate.js HTTP/1.1" 304 0
[2025-12-11 17:18:09,378] INFO django.server: "GET /static/admin/img/icon-no.svg HTTP/1.1" 304 0
[2025-12-11 17:18:09,377] INFO django.server: "GET /static/admin/img/search.svg HTTP/1.1" 304 0
[2025-12-11 17:18:09,384] INFO django.server: "GET /static/admin/img/icon-yes.svg HTTP/1.1" 304 0
[2025-12-11 17:18:09,394] INFO django.server: "GET /static/admin/js/filters.js HTTP/1.1" 304 0
[2025-12-11 17:18:09,535] INFO django.server: "GET /admin/jsi18n/ HTTP/1.1" 200 3342
[2025-12-11 17:18:09,591] INFO django.server: "GET /static/admin/img/tooltag-add.svg HTTP/1.1" 304 0
[2025-12-11 17:18:09,597] INFO django.server: "GET /static/admin/img/sorting-icons.svg HTTP/1.1" 304 0
[2025-12-11 17:18:09,598] INFO django.server: "GET /static/admin/img/icon-viewlink.svg HTTP/1.1" 304 0
[2025-12-11 17:18:12,413] INFO django.server: "GET /admin/magazin_de_bijuterii/customuser/4/change/ HTTP/1.1" 200 20575
[2025-12-11 17:18:12,488] INFO django.server: "GET /static/admin/js/prepopulate_init.js HTTP/1.1" 304 0
[2025-12-11 17:18:12,490] INFO django.server: "GET /static/admin/css/forms.css HTTP/1.1" 304 0
[2025-12-11 17:18:12,491] INFO django.server: "GET /static/admin/js/calendar.js HTTP/1.1" 304 0
[2025-12-11 17:18:12,492] INFO django.server: "GET /static/admin/js/admin/DateTimeShortcuts.js HTTP/1.1" 304 0
[2025-12-11 17:18:12,501] INFO django.server: "GET /static/admin/css/widgets.css HTTP/1.1" 304 0
[2025-12-11 17:18:12,511] INFO django.server: "GET /static/admin/js/change_form.js HTTP/1.1" 304 0
[2025-12-11 17:18:12,616] INFO django.server: "GET /admin/jsi18n/ HTTP/1.1" 200 3342
[2025-12-11 17:18:12,701] INFO django.server: "GET /static/admin/img/icon-calendar.svg HTTP/1.1" 304 0
[2025-12-11 17:28:53,721] INFO django.utils.autoreload: C:\Users\marac\Desktop\Django\Proiect_Django\magazin_de_bijuterii\views.py changed, reloading.
[2025-12-11 17:28:56,850] INFO django.utils.autoreload: Watching for file changes with StatReloader
[2025-12-11 17:29:01,207] INFO django.utils.autoreload: C:\Users\marac\Desktop\Django\Proiect_Django\magazin_de_bijuterii\views.py changed, reloading.
[2025-12-11 17:29:04,241] INFO django.utils.autoreload: Watching for file changes with StatReloader
[2025-12-11 17:50:12,388] INFO django.utils.autoreload: C:\Users\marac\Desktop\Django\Proiect_Django\magazin_de_bijuterii\views.py changed, reloading.
[2025-12-11 17:50:20,797] INFO django.utils.autoreload: Watching for file changes with StatReloader
[2025-12-11 18:00:06,488] INFO django.server: "GET /admin/auth/group/ HTTP/1.1" 200 13639
[2025-12-11 18:00:06,669] INFO django.server: "GET /admin/jsi18n/ HTTP/1.1" 200 3342
[2025-12-11 18:00:11,984] INFO django.server: "GET /admin/auth/group/1/change/ HTTP/1.1" 200 20081
[2025-12-11 18:00:12,072] INFO django.server: "GET /static/admin/js/SelectFilter2.js HTTP/1.1" 304 0
[2025-12-11 18:00:12,073] INFO django.server: "GET /static/admin/js/SelectBox.js HTTP/1.1" 304 0
[2025-12-11 18:00:12,195] INFO django.server: "GET /admin/jsi18n/ HTTP/1.1" 200 3342
[2025-12-11 18:00:12,282] INFO django.server: "GET /static/admin/img/selector-icons.svg HTTP/1.1" 304 0
[2025-12-11 18:00:19,389] INFO django.server: "GET /admin/auth/group/ HTTP/1.1" 200 13639
[2025-12-11 18:00:19,541] INFO django.server: "GET /admin/jsi18n/ HTTP/1.1" 200 3342
[2025-12-11 18:00:21,008] INFO django.server: "GET /admin/auth/group/2/change/ HTTP/1.1" 200 20571
[2025-12-11 18:00:21,247] INFO django.server: "GET /admin/jsi18n/ HTTP/1.1" 200 3342
[2025-12-16 20:57:03,337] INFO django.utils.autoreload: C:\Users\marac\Desktop\Django\Proiect_Django\magazin_de_bijuterii\views.py changed, reloading.
[2025-12-16 20:57:13,391] INFO django.utils.autoreload: Watching for file changes with StatReloader
[2025-12-16 20:57:20,698] INFO django.utils.autoreload: C:\Users\marac\Desktop\Django\Proiect_Django\magazin_de_bijuterii\views.py changed, reloading.
[2025-12-16 20:57:24,535] INFO django.utils.autoreload: Watching for file changes with StatReloader
[2025-12-16 21:01:18,805] INFO django.utils.autoreload: C:\Users\marac\Desktop\Django\Proiect_Django\magazin_de_bijuterii\views.py changed, reloading.
[2025-12-16 21:01:22,268] INFO django.utils.autoreload: Watching for file changes with StatReloader
[2025-12-16 21:01:27,952] INFO django.utils.autoreload: C:\Users\marac\Desktop\Django\Proiect_Django\magazin_de_bijuterii\views.py changed, reloading.
[2025-12-16 21:01:31,159] INFO django.utils.autoreload: Watching for file changes with StatReloader
[2025-12-17 17:41:00,197] INFO django.utils.autoreload: C:\Users\marac\Desktop\Django\Proiect_Django\magazin_de_bijuterii\views.py changed, reloading.
[2025-12-17 17:41:06,043] INFO django.utils.autoreload: Watching for file changes with StatReloader
[2025-12-17 17:41:10,464] INFO django.utils.autoreload: C:\Users\marac\Desktop\Django\Proiect_Django\magazin_de_bijuterii\views.py changed, reloading.
[2025-12-17 17:41:13,316] INFO django.utils.autoreload: Watching for file changes with StatReloader
[2025-12-17 17:41:53,180] INFO django.utils.autoreload: C:\Users\marac\Desktop\Django\Proiect_Django\magazin_de_bijuterii\views.py changed, reloading.
[2025-12-17 17:41:55,630] INFO django.utils.autoreload: Watching for file changes with StatReloader
[2025-12-17 17:41:58,949] INFO django.utils.autoreload: C:\Users\marac\Desktop\Django\Proiect_Django\magazin_de_bijuterii\views.py changed, reloading.
[2025-12-17 17:42:01,417] INFO django.utils.autoreload: Watching for file changes with StatReloader
[2025-12-17 17:42:04,704] INFO django.utils.autoreload: C:\Users\marac\Desktop\Django\Proiect_Django\magazin_de_bijuterii\views.py changed, reloading.
[2025-12-17 17:42:14,538] INFO django.utils.autoreload: Watching for file changes with StatReloader
[2025-12-17 17:42:33,588] INFO django.utils.autoreload: C:\Users\marac\Desktop\Django\Proiect_Django\magazin_de_bijuterii\views.py changed, reloading.
[2025-12-17 17:42:36,614] INFO django.utils.autoreload: Watching for file changes with StatReloader
[2025-12-17 17:42:40,964] INFO django.utils.autoreload: C:\Users\marac\Desktop\Django\Proiect_Django\magazin_de_bijuterii\views.py changed, reloading.
[2025-12-17 17:42:47,338] INFO django.utils.autoreload: Watching for file changes with StatReloader
[2025-12-17 17:43:05,333] INFO django.utils.autoreload: C:\Users\marac\Desktop\Django\Proiect_Django\magazin_de_bijuterii\views.py changed, reloading.
[2025-12-17 17:43:08,183] INFO django.utils.autoreload: Watching for file changes with StatReloader
[2025-12-17 18:11:07,910] INFO django.utils.autoreload: C:\Users\marac\Desktop\Django\Proiect_Django\Proiect_Django\settings.py changed, reloading.
[2025-12-17 18:11:10,684] INFO django.utils.autoreload: Watching for file changes with StatReloader
[2025-12-17 18:11:29,557] INFO django.utils.autoreload: C:\Users\marac\Desktop\Django\Proiect_Django\Proiect_Django\settings.py changed, reloading.
[2025-12-17 18:11:32,529] INFO django.utils.autoreload: Watching for file changes with StatReloader
[2025-12-17 18:11:37,819] INFO django.utils.autoreload: C:\Users\marac\Desktop\Django\Proiect_Django\Proiect_Django\settings.py changed, reloading.
[2025-12-17 18:11:42,955] INFO django.utils.autoreload: Watching for file changes with StatReloader
[2025-12-17 18:12:22,600] INFO django.utils.autoreload: C:\Users\marac\Desktop\Django\Proiect_Django\Proiect_Django\settings.py changed, reloading.
[2025-12-17 18:12:25,647] INFO django.utils.autoreload: Watching for file changes with StatReloader
[2025-12-18 02:27:52,550] INFO django.utils.autoreload: C:\Users\marac\Desktop\Django\Proiect_Django\Proiect_Django\urls.py changed, reloading.
[2025-12-18 02:28:00,459] INFO django.utils.autoreload: Watching for file changes with StatReloader
[2025-12-18 02:28:04,909] INFO django.utils.autoreload: C:\Users\marac\Desktop\Django\Proiect_Django\Proiect_Django\urls.py changed, reloading.
[2025-12-18 02:28:07,676] INFO django.utils.autoreload: Watching for file changes with StatReloader
[2025-12-18 02:28:09,458] INFO django.utils.autoreload: C:\Users\marac\Desktop\Django\Proiect_Django\Proiect_Django\urls.py changed, reloading.
[2025-12-18 02:28:12,029] INFO django.utils.autoreload: Watching for file changes with StatReloader
[2025-12-18 02:28:19,049] INFO django.utils.autoreload: C:\Users\marac\Desktop\Django\Proiect_Django\Proiect_Django\urls.py changed, reloading.
[2025-12-18 02:28:21,763] INFO django.utils.autoreload: Watching for file changes with StatReloader
[2025-12-18 02:28:25,659] INFO django.utils.autoreload: C:\Users\marac\Desktop\Django\Proiect_Django\Proiect_Django\urls.py changed, reloading.
[2025-12-18 02:28:28,296] INFO django.utils.autoreload: Watching for file changes with StatReloader
[2025-12-18 02:29:48,924] INFO django.utils.autoreload: C:\Users\marac\Desktop\Django\Proiect_Django\Proiect_Django\urls.py changed, reloading.
[2025-12-18 02:29:50,860] INFO django.utils.autoreload: Watching for file changes with StatReloader
[2025-12-18 02:29:52,664] INFO django.utils.autoreload: C:\Users\marac\Desktop\Django\Proiect_Django\Proiect_Django\urls.py changed, reloading.
[2025-12-18 02:29:57,956] INFO django.utils.autoreload: Watching for file changes with StatReloader
[2025-12-18 02:30:08,915] INFO django.utils.autoreload: C:\Users\marac\Desktop\Django\Proiect_Django\Proiect_Django\urls.py changed, reloading.
[2025-12-18 02:30:11,717] INFO django.utils.autoreload: Watching for file changes with StatReloader
[2025-12-18 02:37:47,562] INFO django.utils.autoreload: C:\Users\marac\Desktop\Django\Proiect_Django\magazin_de_bijuterii\sitemaps.py changed, reloading.
[2025-12-18 02:37:52,198] INFO django.utils.autoreload: Watching for file changes with StatReloader
[2025-12-18 02:38:56,325] INFO django.utils.autoreload: Watching for file changes with StatReloader
[2025-12-18 02:39:06,434] WARNING django.security.csrf: Forbidden (CSRF token from POST incorrect.): /admin/login/
[2025-12-18 02:39:06,466] WARNING django.server: "POST /admin/login/?next=/admin/ HTTP/1.1" 403 2503
[2025-12-18 02:39:12,366] INFO django.server: "GET / HTTP/1.1" 200 2558
[2025-12-18 02:39:12,423] INFO django.server: "GET /static/magazin_de_bijuterii/css/stil.css HTTP/1.1" 304 0
[2025-12-18 02:39:12,443] INFO django.server: "GET /static/magazin_de_bijuterii/imagini/3f900dfae91a171331669626af16fc2f.jpg HTTP/1.1" 304 0
[2025-12-18 02:39:27,196] ERROR django.request: Internal Server Error: /sitemap.xml
Traceback (most recent call last):
  File "C:\Users\marac\AppData\Roaming\Python\Python314\site-packages\django\db\backends\utils.py", line 105, in _execute
    return self.cursor.execute(sql, params)
           ~~~~~~~~~~~~~~~~~~~^^^^^^^^^^^^^
psycopg2.errors.UndefinedTable: relation "django_site" does not exist
LINE 1: ..."django_site"."domain", "django_site"."name" FROM "django_si...
                                                             ^


The above exception was the direct cause of the following exception:

Traceback (most recent call last):
  File "C:\Users\marac\AppData\Roaming\Python\Python314\site-packages\django\core\handlers\exception.py", line 55, in inner
    response = get_response(request)
  File "C:\Users\marac\AppData\Roaming\Python\Python314\site-packages\django\core\handlers\base.py", line 197, in _get_response
    response = wrapped_callback(request, *callback_args, **callback_kwargs)
  File "C:\Users\marac\AppData\Roaming\Python\Python314\site-packages\django\contrib\sitemaps\views.py", line 23, in inner
    response = func(request, *args, **kwargs)
  File "C:\Users\marac\AppData\Roaming\Python\Python314\site-packages\django\contrib\sitemaps\views.py", line 100, in sitemap
    req_site = get_current_site(request)
  File "C:\Users\marac\AppData\Roaming\Python\Python314\site-packages\django\contrib\sites\shortcuts.py", line 16, in get_current_site
    return Site.objects.get_current(request)
           ~~~~~~~~~~~~~~~~~~~~~~~~^^^^^^^^^
  File "C:\Users\marac\AppData\Roaming\Python\Python314\site-packages\django\contrib\sites\models.py", line 59, in get_current
    return self._get_site_by_id(site_id)
           ~~~~~~~~~~~~~~~~~~~~^^^^^^^^^
  File "C:\Users\marac\AppData\Roaming\Python\Python314\site-packages\django\contrib\sites\models.py", line 30, in _get_site_by_id
    site = self.get(pk=site_id)
  File "C:\Users\marac\AppData\Roaming\Python\Python314\site-packages\django\db\models\manager.py", line 87, in manager_method
    return getattr(self.get_queryset(), name)(*args, **kwargs)
           ~~~~~~~~~~~~~~~~~~~~~~~~~~~~~~~~~~^^^^^^^^^^^^^^^^^
  File "C:\Users\marac\AppData\Roaming\Python\Python314\site-packages\django\db\models\query.py", line 631, in get
    num = len(clone)
  File "C:\Users\marac\AppData\Roaming\Python\Python314\site-packages\django\db\models\query.py", line 368, in __len__
    self._fetch_all()
    ~~~~~~~~~~~~~~~^^
  File "C:\Users\marac\AppData\Roaming\Python\Python314\site-packages\django\db\models\query.py", line 1954, in _fetch_all
    self._result_cache = list(self._iterable_class(self))
                         ~~~~^^^^^^^^^^^^^^^^^^^^^^^^^^^^
  File "C:\Users\marac\AppData\Roaming\Python\Python314\site-packages\django\db\models\query.py", line 93, in __iter__
    results = compiler.execute_sql(
        chunked_fetch=self.chunked_fetch, chunk_size=self.chunk_size
    )
  File "C:\Users\marac\AppData\Roaming\Python\Python314\site-packages\django\db\models\sql\compiler.py", line 1623, in execute_sql
    cursor.execute(sql, params)
    ~~~~~~~~~~~~~~^^^^^^^^^^^^^
  File "C:\Users\marac\AppData\Roaming\Python\Python314\site-packages\django\db\backends\utils.py", line 122, in execute
    return super().execute(sql, params)
           ~~~~~~~~~~~~~~~^^^^^^^^^^^^^
  File "C:\Users\marac\AppData\Roaming\Python\Python314\site-packages\django\db\backends\utils.py", line 79, in execute
    return self._execute_with_wrappers(
           ~~~~~~~~~~~~~~~~~~~~~~~~~~~^
        sql, params, many=False, executor=self._execute
        ^^^^^^^^^^^^^^^^^^^^^^^^^^^^^^^^^^^^^^^^^^^^^^^
    )
    ^
  File "C:\Users\marac\AppData\Roaming\Python\Python314\site-packages\django\db\backends\utils.py", line 92, in _execute_with_wrappers
    return executor(sql, params, many, context)
  File "C:\Users\marac\AppData\Roaming\Python\Python314\site-packages\django\db\backends\utils.py", line 100, in _execute
    with self.db.wrap_database_errors:
         ^^^^^^^^^^^^^^^^^^^^^^^^^^^^
  File "C:\Users\marac\AppData\Roaming\Python\Python314\site-packages\django\db\utils.py", line 91, in __exit__
    raise dj_exc_value.with_traceback(traceback) from exc_value
  File "C:\Users\marac\AppData\Roaming\Python\Python314\site-packages\django\db\backends\utils.py", line 105, in _execute
    return self.cursor.execute(sql, params)
           ~~~~~~~~~~~~~~~~~~~^^^^^^^^^^^^^
django.db.utils.ProgrammingError: relation "django_site" does not exist
LINE 1: ..."django_site"."domain", "django_site"."name" FROM "django_si...
                                                             ^

[2025-12-18 02:39:27,258] ERROR django.server: "GET /sitemap.xml HTTP/1.1" 500 148817
[2025-12-18 02:46:55,282] ERROR django.request: Internal Server Error: /sitemap.xml
Traceback (most recent call last):
  File "C:\Users\marac\AppData\Roaming\Python\Python314\site-packages\django\core\handlers\exception.py", line 55, in inner
    response = get_response(request)
  File "C:\Users\marac\AppData\Roaming\Python\Python314\site-packages\django\core\handlers\base.py", line 197, in _get_response
    response = wrapped_callback(request, *callback_args, **callback_kwargs)
  File "C:\Users\marac\AppData\Roaming\Python\Python314\site-packages\django\contrib\sitemaps\views.py", line 23, in inner
    response = func(request, *args, **kwargs)
  File "C:\Users\marac\AppData\Roaming\Python\Python314\site-packages\django\contrib\sitemaps\views.py", line 117, in sitemap
    urls.extend(site.get_urls(page=page, site=req_site, protocol=req_protocol))
                ~~~~~~~~~~~~~^^^^^^^^^^^^^^^^^^^^^^^^^^^^^^^^^^^^^^^^^^^^^^^^^
  File "C:\Users\marac\AppData\Roaming\Python\Python314\site-packages\django\contrib\sitemaps\__init__.py", line 104, in get_urls
    return self._urls(page, protocol, domain)
           ~~~~~~~~~~^^^^^^^^^^^^^^^^^^^^^^^^
  File "C:\Users\marac\AppData\Roaming\Python\Python314\site-packages\django\contrib\sitemaps\__init__.py", line 124, in _urls
    loc = f"{protocol}://{domain}{self._location(item)}"
                                  ~~~~~~~~~~~~~~^^^^^^
  File "C:\Users\marac\AppData\Roaming\Python\Python314\site-packages\django\contrib\sitemaps\__init__.py", line 69, in _location
    return self._get("location", item)
           ~~~~~~~~~^^^^^^^^^^^^^^^^^^
  File "C:\Users\marac\AppData\Roaming\Python\Python314\site-packages\django\contrib\sitemaps\__init__.py", line 39, in _get
    return attr(item)
  File "C:\Users\marac\AppData\Roaming\Python\Python314\site-packages\django\contrib\sitemaps\__init__.py", line 79, in location
    return item.get_absolute_url()
           ^^^^^^^^^^^^^^^^^^^^^
AttributeError: 'Produs' object has no attribute 'get_absolute_url'
[2025-12-18 02:46:55,288] ERROR django.server: "GET /sitemap.xml HTTP/1.1" 500 99445
[2025-12-18 02:48:19,395] INFO django.utils.autoreload: C:\Users\marac\Desktop\Django\Proiect_Django\magazin_de_bijuterii\models.py changed, reloading.
[2025-12-18 02:48:19,552] INFO django.utils.autoreload: C:\Users\marac\Desktop\Django\Proiect_Django\magazin_de_bijuterii\models.py changed, reloading.
[2025-12-18 02:48:22,580] INFO django.utils.autoreload: Watching for file changes with StatReloader
[2025-12-18 02:48:22,637] INFO django.utils.autoreload: Watching for file changes with StatReloader
[2025-12-18 02:48:33,304] INFO django.utils.autoreload: C:\Users\marac\Desktop\Django\Proiect_Django\magazin_de_bijuterii\models.py changed, reloading.
[2025-12-18 02:48:33,365] INFO django.utils.autoreload: C:\Users\marac\Desktop\Django\Proiect_Django\magazin_de_bijuterii\models.py changed, reloading.
[2025-12-18 02:48:37,350] INFO django.utils.autoreload: Watching for file changes with StatReloader
[2025-12-18 02:48:37,351] INFO django.utils.autoreload: Watching for file changes with StatReloader
[2025-12-18 08:40:34,916] INFO django.utils.autoreload: C:\Users\marac\Desktop\Django\Proiect_Django\magazin_de_bijuterii\models.py changed, reloading.
[2025-12-18 08:40:35,353] INFO django.utils.autoreload: C:\Users\marac\Desktop\Django\Proiect_Django\magazin_de_bijuterii\models.py changed, reloading.
[2025-12-18 08:40:41,384] INFO django.utils.autoreload: Watching for file changes with StatReloader
[2025-12-18 08:40:41,392] INFO django.utils.autoreload: Watching for file changes with StatReloader
[2025-12-18 08:42:01,457] INFO django.utils.autoreload: Watching for file changes with StatReloader
[2025-12-18 08:42:09,925] ERROR django.request: Internal Server Error: /sitemap.xml
Traceback (most recent call last):
  File "C:\Users\marac\AppData\Roaming\Python\Python314\site-packages\django\core\handlers\exception.py", line 55, in inner
    response = get_response(request)
  File "C:\Users\marac\AppData\Roaming\Python\Python314\site-packages\django\core\handlers\base.py", line 197, in _get_response
    response = wrapped_callback(request, *callback_args, **callback_kwargs)
  File "C:\Users\marac\AppData\Roaming\Python\Python314\site-packages\django\contrib\sitemaps\views.py", line 23, in inner
    response = func(request, *args, **kwargs)
  File "C:\Users\marac\AppData\Roaming\Python\Python314\site-packages\django\contrib\sitemaps\views.py", line 117, in sitemap
    urls.extend(site.get_urls(page=page, site=req_site, protocol=req_protocol))
                ~~~~~~~~~~~~~^^^^^^^^^^^^^^^^^^^^^^^^^^^^^^^^^^^^^^^^^^^^^^^^^
  File "C:\Users\marac\AppData\Roaming\Python\Python314\site-packages\django\contrib\sitemaps\__init__.py", line 104, in get_urls
    return self._urls(page, protocol, domain)
           ~~~~~~~~~~^^^^^^^^^^^^^^^^^^^^^^^^
  File "C:\Users\marac\AppData\Roaming\Python\Python314\site-packages\django\contrib\sitemaps\__init__.py", line 126, in _urls
    lastmod = self._get("lastmod", item)
  File "C:\Users\marac\AppData\Roaming\Python\Python314\site-packages\django\contrib\sitemaps\__init__.py", line 39, in _get
    return attr(item)
  File "C:\Users\marac\AppData\Roaming\Python\Python314\site-packages\django\contrib\sitemaps\__init__.py", line 190, in lastmod
    return getattr(item, self.date_field)
AttributeError: 'Produs' object has no attribute 'data_creare'
[2025-12-18 08:42:09,943] ERROR django.server: "GET /sitemap.xml HTTP/1.1" 500 95907
[2025-12-18 08:42:39,888] INFO django.utils.autoreload: C:\Users\marac\Desktop\Django\Proiect_Django\magazin_de_bijuterii\sitemaps.py changed, reloading.
[2025-12-18 08:42:40,184] INFO django.utils.autoreload: C:\Users\marac\Desktop\Django\Proiect_Django\magazin_de_bijuterii\sitemaps.py changed, reloading.
[2025-12-18 08:42:40,469] INFO django.utils.autoreload: C:\Users\marac\Desktop\Django\Proiect_Django\magazin_de_bijuterii\sitemaps.py changed, reloading.
[2025-12-18 08:42:43,650] INFO django.utils.autoreload: Watching for file changes with StatReloader
[2025-12-18 08:42:43,686] INFO django.utils.autoreload: Watching for file changes with StatReloader
[2025-12-18 08:42:43,947] INFO django.utils.autoreload: Watching for file changes with StatReloader
[2025-12-18 08:42:46,394] INFO django.utils.autoreload: C:\Users\marac\Desktop\Django\Proiect_Django\magazin_de_bijuterii\sitemaps.py changed, reloading.
[2025-12-18 08:42:46,436] INFO django.utils.autoreload: C:\Users\marac\Desktop\Django\Proiect_Django\magazin_de_bijuterii\sitemaps.py changed, reloading.
[2025-12-18 08:42:46,498] INFO django.utils.autoreload: C:\Users\marac\Desktop\Django\Proiect_Django\magazin_de_bijuterii\sitemaps.py changed, reloading.
[2025-12-18 08:43:04,028] INFO django.utils.autoreload: Watching for file changes with StatReloader
[2025-12-18 08:43:04,044] INFO django.utils.autoreload: Watching for file changes with StatReloader
[2025-12-18 08:43:04,124] INFO django.utils.autoreload: Watching for file changes with StatReloader
[2025-12-18 08:43:33,812] INFO django.server: "GET /sitemap.xml HTTP/1.1" 200 1800
[2025-12-18 08:44:05,389] INFO django.utils.autoreload: Watching for file changes with StatReloader
[2025-12-18 09:54:16,780] INFO django.utils.autoreload: C:\Users\marac\Desktop\Django\Proiect_Django\Proiect_Django\settings.py changed, reloading.
[2025-12-18 09:54:16,825] INFO django.utils.autoreload: C:\Users\marac\Desktop\Django\Proiect_Django\Proiect_Django\settings.py changed, reloading.
[2025-12-18 09:54:16,861] INFO django.utils.autoreload: C:\Users\marac\Desktop\Django\Proiect_Django\Proiect_Django\settings.py changed, reloading.
[2025-12-18 09:54:16,914] INFO django.utils.autoreload: C:\Users\marac\Desktop\Django\Proiect_Django\Proiect_Django\settings.py changed, reloading.
[2025-12-18 09:54:21,500] INFO django.utils.autoreload: Watching for file changes with StatReloader
[2025-12-18 09:54:21,723] INFO django.utils.autoreload: Watching for file changes with StatReloader
[2025-12-18 09:54:21,729] INFO django.utils.autoreload: Watching for file changes with StatReloader
[2025-12-18 09:54:21,732] INFO django.utils.autoreload: Watching for file changes with StatReloader
[2025-12-18 09:54:38,237] INFO django.utils.autoreload: C:\Users\marac\Desktop\Django\Proiect_Django\Proiect_Django\settings.py changed, reloading.
[2025-12-18 09:54:38,262] INFO django.utils.autoreload: C:\Users\marac\Desktop\Django\Proiect_Django\Proiect_Django\settings.py changed, reloading.
[2025-12-18 09:54:38,285] INFO django.utils.autoreload: C:\Users\marac\Desktop\Django\Proiect_Django\Proiect_Django\settings.py changed, reloading.
[2025-12-18 09:54:38,299] INFO django.utils.autoreload: C:\Users\marac\Desktop\Django\Proiect_Django\Proiect_Django\settings.py changed, reloading.
[2025-12-18 09:54:42,359] INFO django.utils.autoreload: Watching for file changes with StatReloader
[2025-12-18 09:54:42,420] INFO django.utils.autoreload: Watching for file changes with StatReloader
[2025-12-18 09:54:42,460] INFO django.utils.autoreload: Watching for file changes with StatReloader
[2025-12-18 09:54:42,936] INFO django.utils.autoreload: Watching for file changes with StatReloader
[2025-12-18 09:58:43,200] INFO django.utils.autoreload: C:\Users\marac\Desktop\Django\Proiect_Django\magazin_de_bijuterii\views.py changed, reloading.
[2025-12-18 09:58:43,218] INFO django.utils.autoreload: C:\Users\marac\Desktop\Django\Proiect_Django\magazin_de_bijuterii\views.py changed, reloading.
[2025-12-18 09:58:43,260] INFO django.utils.autoreload: C:\Users\marac\Desktop\Django\Proiect_Django\magazin_de_bijuterii\views.py changed, reloading.
[2025-12-18 09:58:43,337] INFO django.utils.autoreload: C:\Users\marac\Desktop\Django\Proiect_Django\magazin_de_bijuterii\views.py changed, reloading.
[2025-12-18 09:58:50,169] INFO django.utils.autoreload: Watching for file changes with StatReloader
[2025-12-18 09:58:50,244] INFO django.utils.autoreload: Watching for file changes with StatReloader
[2025-12-18 09:58:50,375] INFO django.utils.autoreload: Watching for file changes with StatReloader
[2025-12-18 09:58:51,020] INFO django.utils.autoreload: Watching for file changes with StatReloader
[2025-12-18 10:00:39,947] INFO django.utils.autoreload: C:\Users\marac\Desktop\Django\Proiect_Django\magazin_de_bijuterii\views.py changed, reloading.
[2025-12-18 10:00:39,970] INFO django.utils.autoreload: C:\Users\marac\Desktop\Django\Proiect_Django\magazin_de_bijuterii\views.py changed, reloading.
[2025-12-18 10:00:40,127] INFO django.utils.autoreload: C:\Users\marac\Desktop\Django\Proiect_Django\magazin_de_bijuterii\views.py changed, reloading.
[2025-12-18 10:00:40,182] INFO django.utils.autoreload: C:\Users\marac\Desktop\Django\Proiect_Django\magazin_de_bijuterii\views.py changed, reloading.
[2025-12-18 10:00:43,599] INFO django.utils.autoreload: Watching for file changes with StatReloader
[2025-12-18 10:00:43,602] INFO django.utils.autoreload: Watching for file changes with StatReloader
[2025-12-18 10:00:43,709] INFO django.utils.autoreload: Watching for file changes with StatReloader
[2025-12-18 10:00:44,074] INFO django.utils.autoreload: Watching for file changes with StatReloader
[2025-12-18 12:30:58,660] INFO django.utils.autoreload: C:\Users\marac\Desktop\Django\Proiect_Django\Proiect_Django\settings.py changed, reloading.
[2025-12-18 12:30:58,737] INFO django.utils.autoreload: C:\Users\marac\Desktop\Django\Proiect_Django\Proiect_Django\settings.py changed, reloading.
[2025-12-18 12:30:58,786] INFO django.utils.autoreload: C:\Users\marac\Desktop\Django\Proiect_Django\Proiect_Django\settings.py changed, reloading.
[2025-12-18 12:30:59,002] INFO django.utils.autoreload: C:\Users\marac\Desktop\Django\Proiect_Django\Proiect_Django\settings.py changed, reloading.
[2025-12-18 12:31:07,837] INFO django.utils.autoreload: Watching for file changes with StatReloader
[2025-12-18 12:31:07,849] INFO django.utils.autoreload: Watching for file changes with StatReloader
[2025-12-18 12:31:07,900] INFO django.utils.autoreload: Watching for file changes with StatReloader
[2025-12-18 12:31:07,902] INFO django.utils.autoreload: Watching for file changes with StatReloader
[2025-12-18 13:40:28,152] INFO django.utils.autoreload: C:\Users\marac\Desktop\Django\Proiect_Django\Proiect_Django\settings.py changed, reloading.
[2025-12-18 13:40:28,173] INFO django.utils.autoreload: C:\Users\marac\Desktop\Django\Proiect_Django\Proiect_Django\settings.py changed, reloading.
[2025-12-18 13:40:28,784] INFO django.utils.autoreload: C:\Users\marac\Desktop\Django\Proiect_Django\Proiect_Django\settings.py changed, reloading.
[2025-12-18 13:40:28,793] INFO django.utils.autoreload: C:\Users\marac\Desktop\Django\Proiect_Django\Proiect_Django\settings.py changed, reloading.
[2025-12-18 13:40:30,831] INFO django.utils.autoreload: Watching for file changes with StatReloader
[2025-12-18 13:40:30,865] INFO django.utils.autoreload: Watching for file changes with StatReloader
[2025-12-18 13:40:31,080] INFO django.utils.autoreload: Watching for file changes with StatReloader
[2025-12-18 13:40:31,085] INFO django.utils.autoreload: Watching for file changes with StatReloader
[2025-12-18 13:40:47,665] INFO django.utils.autoreload: C:\Users\marac\Desktop\Django\Proiect_Django\Proiect_Django\settings.py changed, reloading.
[2025-12-18 13:40:47,680] INFO django.utils.autoreload: C:\Users\marac\Desktop\Django\Proiect_Django\Proiect_Django\settings.py changed, reloading.
[2025-12-18 13:40:48,414] INFO django.utils.autoreload: C:\Users\marac\Desktop\Django\Proiect_Django\Proiect_Django\settings.py changed, reloading.
[2025-12-18 13:40:48,505] INFO django.utils.autoreload: C:\Users\marac\Desktop\Django\Proiect_Django\Proiect_Django\settings.py changed, reloading.
[2025-12-18 13:40:54,182] INFO django.utils.autoreload: Watching for file changes with StatReloader
[2025-12-18 13:40:54,328] INFO django.utils.autoreload: Watching for file changes with StatReloader
[2025-12-18 13:40:54,534] INFO django.utils.autoreload: Watching for file changes with StatReloader
[2025-12-18 13:40:54,629] INFO django.utils.autoreload: Watching for file changes with StatReloader
[2025-12-20 01:51:57,144] INFO django.utils.autoreload: C:\Users\marac\Desktop\Django\Proiect_Django\magazin_de_bijuterii\views.py changed, reloading.
[2025-12-20 01:51:57,367] INFO django.utils.autoreload: C:\Users\marac\Desktop\Django\Proiect_Django\magazin_de_bijuterii\views.py changed, reloading.
[2025-12-20 01:51:57,367] INFO django.utils.autoreload: C:\Users\marac\Desktop\Django\Proiect_Django\magazin_de_bijuterii\views.py changed, reloading.
[2025-12-20 01:51:57,485] INFO django.utils.autoreload: C:\Users\marac\Desktop\Django\Proiect_Django\magazin_de_bijuterii\views.py changed, reloading.
[2025-12-20 01:52:07,935] INFO django.utils.autoreload: Watching for file changes with StatReloader
[2025-12-20 01:52:07,938] INFO django.utils.autoreload: Watching for file changes with StatReloader
[2025-12-20 01:52:07,938] INFO django.utils.autoreload: Watching for file changes with StatReloader
[2025-12-20 01:52:07,944] INFO django.utils.autoreload: Watching for file changes with StatReloader
[2025-12-20 01:52:24,310] INFO django.utils.autoreload: C:\Users\marac\Desktop\Django\Proiect_Django\magazin_de_bijuterii\views.py changed, reloading.
[2025-12-20 01:52:24,339] INFO django.utils.autoreload: C:\Users\marac\Desktop\Django\Proiect_Django\magazin_de_bijuterii\views.py changed, reloading.
[2025-12-20 01:52:24,438] INFO django.utils.autoreload: C:\Users\marac\Desktop\Django\Proiect_Django\magazin_de_bijuterii\views.py changed, reloading.
[2025-12-20 01:52:24,445] INFO django.utils.autoreload: C:\Users\marac\Desktop\Django\Proiect_Django\magazin_de_bijuterii\views.py changed, reloading.
[2025-12-20 01:52:30,683] INFO django.utils.autoreload: Watching for file changes with StatReloader
[2025-12-20 01:52:30,722] INFO django.utils.autoreload: Watching for file changes with StatReloader
[2025-12-20 01:52:30,749] INFO django.utils.autoreload: Watching for file changes with StatReloader
[2025-12-20 01:52:30,833] INFO django.utils.autoreload: Watching for file changes with StatReloader
[2025-12-20 01:52:35,153] INFO django.utils.autoreload: C:\Users\marac\Desktop\Django\Proiect_Django\magazin_de_bijuterii\views.py changed, reloading.
[2025-12-20 01:52:35,455] INFO django.utils.autoreload: C:\Users\marac\Desktop\Django\Proiect_Django\magazin_de_bijuterii\views.py changed, reloading.
[2025-12-20 01:52:35,519] INFO django.utils.autoreload: C:\Users\marac\Desktop\Django\Proiect_Django\magazin_de_bijuterii\views.py changed, reloading.
[2025-12-20 01:52:35,598] INFO django.utils.autoreload: C:\Users\marac\Desktop\Django\Proiect_Django\magazin_de_bijuterii\views.py changed, reloading.
[2025-12-20 01:52:42,355] INFO django.utils.autoreload: Watching for file changes with StatReloader
[2025-12-20 01:52:42,782] INFO django.utils.autoreload: Watching for file changes with StatReloader
[2025-12-20 01:52:42,849] INFO django.utils.autoreload: Watching for file changes with StatReloader
[2025-12-20 01:52:43,203] INFO django.utils.autoreload: Watching for file changes with StatReloader
[2025-12-20 01:53:17,937] INFO django.utils.autoreload: Watching for file changes with StatReloader
